"Type de
contrôle";Modalité de contrôle;Organismes;Dép.;Lieu;Secteur d'activité
LOI 78;sur place;ACTIVE ASSURANCES;75;PARIS;Assurances
LOI 78;sur place;ALFA;75;PARIS;Assurances
LOI 78;sur place;ALFA ;75;PARIS;Assurances
LOI 78;sur place;ALIENOR;64;PAU;Transports
LOI 78;sur place;ALLIANCE FRANCAISE PARIS ILE-DE-FRANCE;75;PARIS;Education
LOI 78;sur place;APRR;21;SAINT-APPOLINAIRE;Transports
LOI 78;sur place;ARCA PATRIMONE;92;BOULOGNE-BILLANCOURT;Banques
LOI 78;sur place;ASSISTANCE CENTRE D'APPEL;95;GOUSSAINVILLE;Commerce
LOI 78;sur place;ASSOCIATION AURORE;75;PARIS;Social
LOI 78;sur place;AUTOROUTES DU SUD DE LA FRANCE;92;RUEIL-MALMAISON;Transports
LOI 78;sur place;BIM;75;PARIS;Commerce
LOI 78;sur place;BOUYGUES TELECOM;92;MEUDON;Commerce
LOI 78;sur place;BRICO PRIVE;31;L'UNION;Commerce
LOI 78;sur place;BUSINESS SUPPORT SERVICES - B2S;92;GENNEVILLIERS;Commerce
LOI 78;sur place;CABINET FREDELION;75;PARIS;Immobilier
LOI 78;sur place;CAISSE REGIONALE DU CREDIT AGRICOLE MUTUEL CHARENTE-MARITIME DEUX SEVRES;17;LAGORD;Santé 
LOI 78;sur place;CARPS INTERNATIONAL;75;PARIS;Assurances
LOI 78;sur place;CBIEN;75;PARIS;Commerce
LOI 78;sur place;CENTRE D'APPUI POUR LA PREVENTION DES INFECTIONS ASSOCIEES AUX SOINS D'ILE-DE-FRANCE;75;PARIS;Santé/social
LOI 78;sur place;CHAUFFEUR PRIVE (TRANSCOVO);92;LEVALLOIS-PERRET;Transports
LOI 78;sur place;COACHCLUB;75;PARIS;Sport
LOI 78;sur place;COMMUNE DE MARSEILLE;13;MARSEILLE;Collectivités territoriales
LOI 78;sur place;CONSEIL REGIONAL ILE DE FRANCE;75;PARIS;Collectivités territoriales
LOI 78;sur place;CONTRAT FACILE;94;GENTILLY;Commerce
LOI 78;sur place;DEPARTEMENT DU VAL-DE-MARNE;94;VITRY-SUR-SEINE;Collectivités territoriales
LOI 78;sur place;DIRECT ENERGIE;75;PARIS;Energie
LOI 78;sur place;DIRECTION DEPARTEMENTALE DE LA SECURITE PUBLIQUE ;78;VIROFLAY;Régalien
LOI 78;sur place;DISTRICOM SALES AND MARKETING;92;ASNIERES-SUR-SEINE;Travail
LOI 78;sur place;DOCTIPHARMA;92;LEVALLOIS-PERRET;Santé 
LOI 78;sur place;DOCTIPHARMA;92;LEVALLOIS-PERRET;Santé 
LOI 78;sur place;ECOLE 42;75;PARIS;Education
LOI 78;sur place;ECOLE 42;75;PARIS;Education
LOI 78;sur place;ECOLE ELEMENTAIRE PUBLIQUE JEHAN DE BRIE;77;JOUARRE;Education
LOI 78;sur place;EQUANUM ;75;PARIS;Commerce
LOI 78;sur place;EQUANUM ;75;PARIS;Commerce
LOI 78;sur place;EVS AUTO-ECOLE;75;PARIS;Transports
LOI 78;sur place;FIDZUP;75;PARIS;Commerce
LOI 78;sur place;FIGARO CLASSIFIEDS;75;PARIS;Travail
LOI 78;sur place;FITIZZY;59;LILLE;Commerce
LOI 78;sur place;FLASH CONTRACT;75;PARIS;Commerce
LOI 78;sur place;FOODVISOR;75;PARIS;Commerce
LOI 78;sur place;FOODVISOR;75;PARIS;Commerce
LOI 78;sur place;FREMANTLEMEDIA FRANCE;75;PARIS;Commerce
LOI 78;sur place;FUTURA INTERNATIONAL;94;BONNEUIL-SUR-MARNE;Commerce
LOI 78;sur place;GROUPE B2V;92;COURBEVOIE;Santé/social
LOI 78;sur place;GROUPE B2V;92;COURBEVOIE;Santé/social
LOI 78;sur place;GROUPE MALAKOFF MEDERIC;75;PARIS;Assurances
LOI 78;sur place;GROUPE MEDICAL DES DENTELLIERES;59;VALENCIENNES;Santé 
LOI 78;sur place;GROUPE PRO BTP;75;PARIS;Assurances
LOI 78;sur place;GROUPE SOLUTION ENERGIE;93;SAINT-OUEN;Commerce
LOI 78;sur place;GROUPE SOLUTION ENERGIE;93;SAINT-OUEN;Commerce
LOI 78;sur place;GUY HOQUET PARIS 18 OUEST;75;PARIS;Immobilier
LOI 78;sur place;HELLO ASSO;33;BORDEAUX;Commerce
LOI 78;sur place;HELLO ASSO;33;BORDEAUX;Commerce
LOI 78;sur place;HOTEL SQUARE LOUVOIS;75;PARIS;Commerce
LOI 78;sur place;HUMANIS ASSURANCES;75;PARIS;Assurances
LOI 78;sur place;IBIS BUDGET;91;COURCOURONNES;Commerce
LOI 78;sur place;IBIS BUDGET;93;VILLEMOMBLE;Tourisme
LOI 78;sur place;INFOMIL;31;TOULOUSE;Commerce
LOI 78;sur place;INSTITUT DES TECHNIQUES INFORMATIQUES ET COMMERCIALES;75;PARIS;Education
LOI 78;sur place;KISSKISSBANKBANK;75;PARIS;Commerce
LOI 78;sur place;LA GROSSE EQUIPE;92;BOULOGNE-BILLANCOURT;Commerce
LOI 78;sur place;LAMADELEINE.FR;59;LA MADELEINE;Collectivités territoriales
LOI 78;sur place;LES CERCLES DE LA FORME DEVELOPPEMENT ET GUERSANT SPORTS;75;PARIS;Commerce
LOI 78;sur place;LGHA AUTO;75;PARIS;Commerce
LOI 78;sur place;LOCAREVI;59;ESCAUDAIN;Commerce
LOI 78;sur place;LYCEE ADOLPHE CHERIOUX;94;VITRY-SUR-SEINE;Education
LOI 78;sur place;MAAF;79;CHAUNAY;Assurances
LOI 78;sur place;MAIRIE DE CASTANET TOLOSAN;31;CASTANET-TOLOSAN;Collectivités territoriales
LOI 78;sur place;MAIRIE DE MAISONS-ALFORT;94;MAISONS-ALFORT;Education
LOI 78;sur place;MAIRIE DE PARIS;75;PARIS;Social
LOI 78;sur place;MARIANNE FORMATION;75;PARIS;Transports
LOI 78;sur place;MAYGNAN FERMETURES;95;BOUFFEMONT;Commerce
LOI 78;sur place;MERCURE FORMATION;75;PARIS;Transports
LOI 78;sur place;MINISTERE DE L'ECONOMIE - TRACFIN;93;MONTREUIL;Régalien
LOI 78;sur place;MINISTERE DE L'ECONOMIE - TRACFIN;93;MONTREUIL;Régalien
LOI 78;sur place;MINISTERE DE L'ECONOMIE - TRACFIN;93;MONTREUIL;Finances publiques
LOI 78;sur place;MINISTERE DE L'ECONOMIE - TRACFIN;93;MONTREUIL;Finances publiques
LOI 78;sur place;MINISTERE DE L'ECONOMIE - TRACFIN;93;MONTREUIL;Régalien
LOI 78;sur place;MINISTERE DE L'ECONOMIE - TRACFIN;93;MONTREUIL;Finances publiques
LOI 78;sur place;MINISTERE DE L'ECONOMIE - TRACFIN;69;LYON;Régalien
LOI 78;sur place;MINISTERE DE L'INTERIEUR;75;PARIS;Régalien
LOI 78;sur place;MINISTERE DE L'INTERIEUR;75;PARIS;Régalien
LOI 78;sur place;MONOP';31;TOULOUSE;Commerce
LOI 78;sur place;MY MONEY TIME;64;BIARRITZ;Commerce
LOI 78;sur place;NEXITY;75;PARIS;Immobilier
LOI 78;sur place;NEXITY AIX MIRABEAU;13;AIX-EN-PROVENCE;Immobilier
LOI 78;sur place;PANDACRAFT;75;PARIS;Commerce
LOI 78;sur place;PANDACRAFT;75;PARIS;Commerce
LOI 78;sur place;PHARMACIE LEONARD DE VINCI;92;COURBEVOIE;Santé 
LOI 78;sur place;PHARMACIE SAINT BARTHELEMY;13;MARSEILLE;Santé 
LOI 78;sur place;PRIMAVISTA;92;COLOMBES;Commerce
LOI 78;sur place;R&L;69;LYON;Transports
LOI 78;sur place;RATP;75;PARIS;Santé/social
LOI 78;sur place;ROGERVOICE;75;PARIS;Commerce
LOI 78;sur place;SAINT QUENTIN MOBILITES;2;SAINT-QUENTIN;Transports
LOI 78;sur place;SAMASSUR;13;AIX-EN-PROVENCE;Assurances
LOI 78;sur place;SELECTOUR ENTREPRISE;31;TOULOUSE;Tourisme
LOI 78;sur place;SERGIC;59;WASQUEHAL;Immobilier
LOI 78;sur place;SERVICE A COMPETENCE NATIONALE TRACFIN;93;MONTREUIL;Finances publiques
LOI 78;sur place;SERVICE A COMPETENCE NATIONALE TRACFIN;93;MONTREUIL;Finances publiques
LOI 78;sur place;SESSAD E.C.L.A. DE ROUBAIX;59;ROUBAIX;Social
LOI 78;sur place;SINGLESPOT;75;PARIS;Commerce
LOI 78;sur place;SMART AUTO STOP;91;PALAISEAU;Transports
LOI 78;sur place;SNCF;75;PARIS;Social
LOI 78;sur place;SOCIETE ADTHINK MEDIA;69;TASSIN-LA-DEMI LUNE;Commerce
LOI 78;sur place;SOCIETE DES AUTOROUTES DU NORD ET DE L'EST DE LA FRANCE;92;ISSY-LES-MOULINEAUX;Transports
LOI 78;sur place;SPARTOO;38;GRENOBLE;Commerce
LOI 78;sur place;STOOTIE;75;PARIS;Commerce
LOI 78;sur place;TELEPERFORMANCE FRANCE;92;ASNIERES-SUR-SEINE;Commerce
LOI 78;sur place;TRAVELSPA;13;AIX-EN-PROVENCE;Tourisme
LOI 78;sur place;UNIONTRAD COMPANY;75;PARIS;Commerce
LOI 78;sur place;VECTAURY ;75;PARIS;Commerce
LOI 78;sur place;VECTAURY ;75;PARIS;Commerce
LOI 78;sur place;VENTE-UNIQUE.COM;93;LE PRE SAINT GERVAIS;Commerce
LOI 78;sur place;VENTE-UNIQUE.COM;93;LE PRE SAINT GERVAIS;Commerce
LOI 78;sur place;VOXTUR;75;PARIS;Transports
LOI 78;sur place;WEBHELP;75;PARIS;Commerce
LOI 78;sur place;ZENCHEF;75;PARIS;Commerce
LOI 78;sur pièces;BK CONSULTING FRANCE ;92;NANTERRE;Commerce
LOI 78;sur pièces;CAISSE NATIONALE DE L'ASSURANCE MALADIE DES TRAVAILLEURS (CNAMTS);75;PARIS;Santé/social
LOI 78;sur pièces;CARREFOUR HYPERMARCHES;91;EVRY;Commerce
LOI 78;sur pièces;CLARANET OXALIDE   ;75;PARIS;Commerce
LOI 78;sur pièces;"COMPAGNIE INFORMATIQUE DE RECHERCHE ET DE CONSEIL EN ENVIRONNEMENT 
MULTI-TECHNOLOGIES";91;EGLY;Commerce
LOI 78;sur pièces;CTS COMPUTERS AND TELECOMMUNICATIONS SYSTEMS ;93;MONTREUIL;Commerce
LOI 78;sur pièces;DIRECTION DE LA SECURITE DE PROXIMITE DE L'AGGLOMERATION PARISIENNE ;75;PARIS;Régalien
LOI 78;sur pièces;DIRECTION DEPARTEMENTALE DE LA SECURITE PUBLIQUE DE LA GIRONDE;33;BORDEAUX;Régalien
LOI 78;sur pièces;DIRECTION DEPARTEMENTALE DE LA SECURITE PUBLIQUE DU RHONE;69;LYON;Régalien
LOI 78;sur pièces;EL-TECHNOLOGIES FRANCE;92;LEVALLOIS-PERRET;Commerce
LOI 78;sur pièces;GROUPE L'EXPRESS;75;PARIS;Presse
LOI 78;sur pièces;GROUPEMENT DE GENDARMERIE DEPARTEMENTALE DE L'OISE;60;BEAUVAIS;Régalien
LOI 78;sur pièces;GROUPEMENT DE GENDARMERIE DEPARTEMENTALE DES BOUCHES-DU-RHONE;13;MARSEILLE;Régalien
LOI 78;sur pièces;IKOULA;92;BOULOGNE-BILLANCOURT;Commerce
LOI 78;sur pièces;ITM ALIMENTAIRE INTERNATIONAL;75;PARIS;Commerce
LOI 78;sur pièces;LA FRANCAISE DES JEUX ;75;PARIS;Jeux
LOI 78;sur pièces;MINISTERE DE L'INTERIEUR;75;PARIS;Régalien
LOI 78;sur pièces;MONOPRIX EXPLOITATION;92;CLICHY;Commerce
LOI 78;sur pièces;NOVALINK;69;VILLEURBANNE;Commerce
LOI 78;sur pièces;"OCTO TECHNOLOGY
 ";75;PARIS;Commerce
LOI 78;sur pièces;OPEN ;92;LEVALLOIS-PERRET;Commerce
LOI 78;sur pièces;REGIE DES TRANSPORTS COMMUNAUTAIRES ROCHELAIS;17;LAGORD;Transports
LOI 78;sur pièces;REGION AUVERGNE-RHONE-ALPES;75;PARIS;Collectivités territoriales
LOI 78;sur pièces;SAINT QUENTIN MOBILITES;2;SAINT-QUENTIN;Transports
LOI 78;sur pièces;SOCIETE GROUPEMENT D'ACHATS DES CENTRES E. LECLERC;94;IVRY-SUR-SEINE;Commerce
LOI 78;sur pièces;SOPRA STERIA GROUP ;74;ANNECY;Commerce
LOI 78;sur pièces;TRANSDEV NANCY;54;VANDOEUVRE;Transports
LOI 78;sur pièces;TRANSDEV SAINT-DIZIER;52;SAINT-DIZIER;Transports
LOI 78;sur pièces;TRANSPORTS EN COMMUN DE L'AGGLOMERATION ROUENNAISE;76;ROUEN;Transports
LOI 78;sur pièces;WINNER;75;PARIS;Commerce
LOI 78;sur audition;FIREWORLD;75;PARIS;Commerce
LOI 78;sur audition;FRANCE TELEVISIONS;75;PARIS;Commerce
LOI 78;sur audition;SMART AUTO STOP;75;PARIS;Transports
LOI 78;en ligne; R&L;75;PARIS;Transports
LOI 78;en ligne;ACTIVE ASSURANCES;75;PARIS;Assurances
LOI 78;en ligne;ALGOSOURCE;75;PARIS;Commerce
LOI 78;en ligne;ALLIANCEFR.ORG;75;PARIS;Education
LOI 78;en ligne;CBIEN;75;PARIS;Commerce
LOI 78;en ligne;CONTRAT FACILE;75;PARIS;Commerce
LOI 78;en ligne;DISTRICOM SALES AND MARKETING;75;PARIS;Travail
LOI 78;en ligne;EMERAUDE BUSINESS SOLUTIONS;75;PARIS;Education
LOI 78;en ligne;EVS AUTO-ECOLE;75;PARIS;Transports
LOI 78;en ligne;FIGARO CLASSIFIEDS;75;PARIS;Travail
LOI 78;en ligne;GENESIS INDUSTRIES LIMITED;75;PARIS;Commerce
LOI 78;en ligne;GENESIS INDUSTRIES LIMITED;75;PARIS;Commerce
LOI 78;en ligne;GOOGLE;75;PARIS;Commerce
LOI 78;en ligne;GOOGLE LLC;75;PARIS;Commerce
LOI 78;en ligne;GOOGLE LLC;75;PARIS;Commerce
LOI 78;en ligne;HELLO ASSO;75;PARIS;Commerce
LOI 78;en ligne;KISSKISSBANKBANK;75;PARIS;Commerce
LOI 78;en ligne;L-COMMERCE;75;PARIS;Commerce
LOI 78;en ligne;LUSHA.CO;75;PARIS;Commerce
LOI 78;en ligne;LUSHA.CO;75;PARIS;Commerce
LOI 78;en ligne;LUSHA.CO;75;PARIS;Commerce
LOI 78;en ligne;MARIANNE FORMATION;75;PARIS;Transports
LOI 78;en ligne;MERCURE FORMATION;75;PARIS;Transports
LOI 78;en ligne;MINISTERE DE L'INTERIEUR;75;PARIS;Régalien
LOI 78;en ligne;MONCONTROLETECHNIQUEAUTO.FR;75;PARIS;Commerce
LOI 78;en ligne;MY MAJOR COMPANY;75;PARIS;Commerce
LOI 78;en ligne;OBSEQUES-COMPARATEUR.COM;75;PARIS;Commerce
LOI 78;en ligne;OBSEQUES-INFOS.COM;75;PARIS;Commerce
LOI 78;en ligne;ONG EU DisinfoLAB;75;PARIS;Associatif
LOI 78;en ligne;PRIMAVISTA;75;PARIS;Commerce
LOI 78;en ligne;SACEM;75;PARIS;Culture
LOI 78;en ligne;SELECTOUR ENTREPRISE;75;PARIS;Tourisme
LOI 78;en ligne;SERGIC;75;PARIS;Immobilier
LOI 78;en ligne;SERVICE D'INFORMATION DU GOUVERNEMENT;75;PARIS;Régalien
LOI 78;en ligne;STOOTIE;75;PARIS;Commerce
LOI 78;en ligne;TOUCHUP;75;PARIS;Commerce
LOI 78;en ligne;ULULE;75;PARIS;Commerce
LOI 78;en ligne;VINCI AUTOROUTES;75;PARIS;Transports
"RGPD/
DIRECTIVE police justice";sur place;2 AM ASSISTANCE AUDIOVISUEL ET MENAGER;24;MARSAC-SUR-L'ISLE;Commerce
"RGPD/
DIRECTIVE police justice";sur place;AVAILPRO;75;PARIS;Tourisme
"RGPD/
DIRECTIVE police justice";sur place;CIMM IMMOBILIER;38;GRENOBLE;Immobilier
"RGPD/
DIRECTIVE police justice";sur place;CLUB MED SAS;75;PARIS;Tourisme
"RGPD/
DIRECTIVE police justice";sur place;DISTRIBUTION CASINO FRANCE;11;NARBONNE;Commerce
"RGPD/
DIRECTIVE police justice";sur place;HOTEL DU MIDI;75;PARIS;Commerce
"RGPD/
DIRECTIVE police justice";sur place;JB CONCEPT;38;ECHIROLLES;Commerce
"RGPD/
DIRECTIVE police justice";sur place;LAFORET IMMOBILIER BIARRITZ;64;BIARRITZ;Immobilier
"RGPD/
DIRECTIVE police justice";sur place;LDLC;69;LIMONEST;Commerce
"RGPD/
DIRECTIVE police justice";sur place;LE BEC IMMOBILIER;56;LORIENT;Immobilier
"RGPD/
DIRECTIVE police justice";sur place;ORANGE;94;ARCUEIL;Télécommunications
"RGPD/
DIRECTIVE police justice";sur place;PARIS SEINE IMMOBILIER;75;PARIS;Immobilier
"RGPD/
DIRECTIVE police justice";sur place;VISIBRAIN;75;PARIS;Commerce
"RGPD/
DIRECTIVE police justice";sur place;VISIBRAIN;75;PARIS;Commerce
"RGPD/
DIRECTIVE police justice";sur pièces;CLERMONT FERRAND DISTRIBUTION;63;CLERMONT-FERRAND;Commerce
"RGPD/
DIRECTIVE police justice";sur pièces;GANDI ;75;PARIS;Commerce
"RGPD/
DIRECTIVE police justice";sur pièces;NEURONES ;92;NANTERRE;Commerce
"RGPD/
DIRECTIVE police justice";sur pièces;OVH ;59;ROUBAIX;Commerce
"RGPD/
DIRECTIVE police justice";en ligne;IBERIMO.COM;75;PARIS;Tourisme
"RGPD/
DIRECTIVE police justice";en ligne;SOCIETE D'AMENAGEMENT TOURISTIQUE D'EXPLOITATION DE LA CLUSAZ;75;PARIS;Commerce
"RGPD/
DIRECTIVE police justice";en ligne;SOCIETE D'EXPLOITATIOIN DES TELEPHERIQUES TARANTAISE-MAURIENNE;75;PARIS;Commerce
"RGPD/
DIRECTIVE police justice";sur place;ADS  GROUP;38;VAULX MILIEU;Travail
"RGPD/
DIRECTIVE police justice";sur place;ADVERIS;75;PARIS;Commerce
"RGPD/
DIRECTIVE police justice";sur place;AFS2R;69;LYON;Collectivités territoriales
"RGPD/
DIRECTIVE police justice";sur place;AGENCE NATIONALE DE TRAITEMENT AUTOMATISE DES INFRACTIONS;35;RENNES;Régalien
"RGPD/
DIRECTIVE police justice";sur place;AGENCE NATIONALE DE TRAITEMENT AUTOMATISE DES INFRACTIONS;35;RENNES;Régalien
"RGPD/
DIRECTIVE police justice";sur place;ASSESSFIRST;75;PARIS;Travail
"RGPD/
DIRECTIVE police justice";sur place;ASSOCIATION ITHAQUE;67;MOLSHEIM;Santé/social
"RGPD/
DIRECTIVE police justice";sur place;ASSOCIATION ITHAQUE;67;STRASBOURG;Santé/social
"RGPD/
DIRECTIVE police justice";sur place;ASSOCIATION NATIONALE DE PREVENTION EN ALCOOLOGIE ET ADDICTOLOGIE;34;MONTPELLIER;Santé 
"RGPD/
DIRECTIVE police justice";sur place;BARTHEL FRERES;57;LE BAN-SAINT-MARTIN;Commerce
"RGPD/
DIRECTIVE police justice";sur place;BIEN A LA MAISON;92;BOULOGNE-BILLANCOURT;Santé/social
"RGPD/
DIRECTIVE police justice";sur place;BRIGADE TERRITORIALE AUTONOME D'OUISTREHAM;14;OUISTREHAM;Police/justice/sécurité
"RGPD/
DIRECTIVE police justice";sur place;BUREAU CENTRAL DU RENSEIGNEMENT PENITENTIAIRE;75;PARIS;Régalien
"RGPD/
DIRECTIVE police justice";sur place;CAISSE D ALLOCATIONS FAMILIALES DE CHARENTE;16;ANGOULEME;Social
"RGPD/
DIRECTIVE police justice";sur place;CAISSE NATIONALE D ALLOCATIONS FAMILIALES;75;PARIS;Social
"RGPD/
DIRECTIVE police justice";sur place;CAISSE NATIONALE D ALLOCATIONS FAMILIALES;75;PARIS;Social
"RGPD/
DIRECTIVE police justice";sur place;CENTRE NATIONAL DE TRAITEMENT;35;RENNES;Régalien
"RGPD/
DIRECTIVE police justice";sur place;CLUSTREE;75;PARIS;Travail
"RGPD/
DIRECTIVE police justice";sur place;COLLEGE SAINT JOSEPH;62;ARRAS;Education
"RGPD/
DIRECTIVE police justice";sur place;COMMUNE DE PAU;64;PAU;Collectivités territoriales
"RGPD/
DIRECTIVE police justice";sur place;COMMUNE DE SAINT-DENIS;93;SAINT-DENIS;Collectivités territoriales
"RGPD/
DIRECTIVE police justice";sur place;COMMUNE DE SAINT-MAUR-DES-FOSSES;94;SAINT-MAUR-DES-FOSSES;Collectivités territoriales
"RGPD/
DIRECTIVE police justice";sur place;DEVEDIS;34;BEZIERS;Commerce
"RGPD/
DIRECTIVE police justice";sur place;DGSI;92;LEVALLOIS-PERRET;Régalien
"RGPD/
DIRECTIVE police justice";sur place;DIRECTION DE LA SÉCURITÉ DE PROXIMITÉ DE L’AGGLOMÉRATION PARISIENNE;75;PARIS;Régalien
"RGPD/
DIRECTIVE police justice";sur place;GROUPE SOS SOLIDARITE;75;PARIS;Social
"RGPD/
DIRECTIVE police justice";sur place;KALHYGE;75;PARIS;Commerce
"RGPD/
DIRECTIVE police justice";sur place;LABORATOIRE EURABIO;59;LILLE;Santé 
"RGPD/
DIRECTIVE police justice";sur place;MAIRIE DE CRETEIL;94;CRETEIL;Collectivités territoriales
"RGPD/
DIRECTIVE police justice";sur place;MAIRIE DE PARIS;75;PARIS;Collectivités territoriales
"RGPD/
DIRECTIVE police justice";sur place;MAIRIE DE PUTEAUX;92;PUTEAUX;Collectivités territoriales
"RGPD/
DIRECTIVE police justice";sur place;MUTUELLE DE L'ARMEE DE L'AIR;92;MONTROUGE;Assurances
"RGPD/
DIRECTIVE police justice";sur place;NORD BIOLOGIE;59;RONCHIN;Santé/social
"RGPD/
DIRECTIVE police justice";sur place;ORGANISATION FUNERAIRE JACQUES LEFEVRE;59;LAMBERSART;Commerce
"RGPD/
DIRECTIVE police justice";sur place;PISCINE KELLER;75;PARIS;Sport
"RGPD/
DIRECTIVE police justice";sur place;PREFECTURE DE CRETEIL;94;CRETEIL;Collectivités territoriales
"RGPD/
DIRECTIVE police justice";sur place;PREFECTURE DU NORD;59;LILLE;Régalien
"RGPD/
DIRECTIVE police justice";sur place;RATP;75;PARIS;Santé/social
"RGPD/
DIRECTIVE police justice";sur place;SAINT LOUIS AMBULANCE;75;PARIS;Santé 
"RGPD/
DIRECTIVE police justice";sur place;SAMUSOCIAL;75;PARIS;Associatif
"RGPD/
DIRECTIVE police justice";sur place;SCP GMBG;13;MARSEILLE;Santé/social
"RGPD/
DIRECTIVE police justice";sur place;SELARL N.S ET ASSOCIES;77;SERRIS;Santé/social
"RGPD/
DIRECTIVE police justice";sur place;SNCF;75;PARIS;Transports
"RGPD/
DIRECTIVE police justice";sur place;SOCIETE ADREXO;13;AIX-EN-PROVENCE;Travail
"RGPD/
DIRECTIVE police justice";sur place;SYNDICAT FORCE OUVRIERE;75;PARIS;Presse
"RGPD/
DIRECTIVE police justice";sur place;TGI DE NICE;6;NICE;Régalien
"RGPD/
DIRECTIVE police justice";sur place;TIDJAY;69;LYON;Travail
"RGPD/
DIRECTIVE police justice";sur place;UNILEVER FRANCE;92;RUEIL-MALMAISON;Travail
"RGPD/
DIRECTIVE police justice";sur place;UNILEVER FRANCE   ;92;RUEIL-MALMAISON;Travail
"RGPD/
DIRECTIVE police justice";sur place;UNIONTRAD COMPANY;75;PARIS;Commerce
"RGPD/
DIRECTIVE police justice";sur place;UNITE DE COORDINATION DE LA LUTTE ANTITERRORISTE;75;PARIS;Régalien
"RGPD/
DIRECTIVE police justice";sur place;UNITE DE COORDINATION DE LA LUTTE ANTITERRORISTE;75;PARIS;Régalien
"RGPD/
DIRECTIVE police justice";sur pièces;3D OUEST;22;LANNION;Régalien
"RGPD/
DIRECTIVE police justice";sur pièces;ARPEGE;44;SAINT-SEBASTIEN-SUR-LOIRE;Régalien
"RGPD/
DIRECTIVE police justice";sur pièces;ASPERIENCE;61;DAMIGNY;Commerce
"RGPD/
DIRECTIVE police justice";sur pièces;DOCAPOST;94;CHARENTON-LE-PONT;Commerce
"RGPD/
DIRECTIVE police justice";sur pièces;KLEE GROUP;92;LE PLESSIS-ROBINSON;Commerce
"RGPD/
DIRECTIVE police justice";sur pièces;LABORATOIRE D'ANALYSES MEDICALES BIOPATH;75;PARIS;Santé 
"RGPD/
DIRECTIVE police justice";sur pièces;LABORATOIRE DE BIOLOGIE MEDICALE - DIGUE CERBALLIANCE;75;PARIS;Santé 
"RGPD/
DIRECTIVE police justice";sur pièces;LABORATOIRE DE FRANCE;75;PARIS;Santé 
"RGPD/
DIRECTIVE police justice";sur pièces;LABORATOIRE EURABIO;75;PARIS;Santé 
"RGPD/
DIRECTIVE police justice";sur pièces;NORD BIOLOGIE LILLE;59;LILLE;Santé 
"RGPD/
DIRECTIVE police justice";sur pièces;ONLINE;75;PARIS;Commerce
"RGPD/
DIRECTIVE police justice";sur pièces;ORANGE BUSINESS SERVICES;93;SAINT-DENIS;Commerce
"RGPD/
DIRECTIVE police justice";sur pièces;PEPPERBAY;68;MULHOUSE;Commerce
"RGPD/
DIRECTIVE police justice";sur pièces;SECURINFOR;94;RUNGIS;Commerce
"RGPD/
DIRECTIVE police justice";sur pièces;SOFTWAY MEDICAL;13;MEYREUIL;Santé 
"RGPD/
DIRECTIVE police justice";sur pièces;START INFORMATIQUE;56;PLOEMEUR;Régalien
"RGPD/
DIRECTIVE police justice";sur audition;ATIH;75;PARIS;Santé 
"RGPD/
DIRECTIVE police justice";en ligne;44 GALERIES LAFAYETTE;75;PARIS;Commerce
"RGPD/
DIRECTIVE police justice";en ligne;ATIH;75;PARIS;Santé 
"RGPD/
DIRECTIVE police justice";en ligne;COMMON MINDS;75;PARIS;Travail
"RGPD/
DIRECTIVE police justice";en ligne;DIGISCHOOL;75;PARIS;Education
"RGPD/
DIRECTIVE police justice";en ligne;FORPROF;75;PARIS;Commerce
"RGPD/
DIRECTIVE police justice";en ligne;MUTUELLE DE L'ARMEE DE L'AIR;75;PARIS;Assurances
"RGPD/
DIRECTIVE police justice";en ligne;NOTE2BE.COM;75;PARIS;Education
"RGPD/
DIRECTIVE police justice";en ligne;SAGES INFORMATIQUE;75;PARIS;Commerce
"RGPD/
DIRECTIVE police justice";en ligne;SAS NOMAD EDUCATION;75;PARIS;Education
"RGPD/
DIRECTIVE police justice";en ligne;SCANSANTE.FR;75;PARIS;Santé 
VIDEOPROTECTION;sur place;ACCOR HOTEL ARENA;75;PARIS;Culture
VIDEOPROTECTION;sur place;BRICO-DEPOT;78;FLINS-SUR-SEINE;Commerce
VIDEOPROTECTION;sur place;BUT INTERNATIONAL;78;ORGEVAL;Commerce
VIDEOPROTECTION;sur place;CARREFOUR CHAMBOURCY;78;CHAMBOURCY;Commerce
VIDEOPROTECTION;sur place;CHÂTEAU DE LA PIOLINE;13;AIX-EN-PROVENCE;Commerce
VIDEOPROTECTION;sur place;COMMUNE DE DAIX;21;DAIX;Collectivités territoriales
VIDEOPROTECTION;sur place;COMMUNE DE MUTZIG;67;MUTZIG;Collectivités territoriales
VIDEOPROTECTION;sur place;ETABLISSEMENT PUBLIC CITE DE LA CERAMIQUE SEVRES ET LIMOGES;92;SEVRES ;Culture
VIDEOPROTECTION;sur place;HILTON PARIS LA DEFENSE;92;PUTEAUX;Commerce
VIDEOPROTECTION;sur place;HOTEL CARLTON DE LILLE;59;LILLE;Tourisme
VIDEOPROTECTION;sur place;HOTEL LA VILLA HAUSSMANN ;75;PARIS;Commerce
VIDEOPROTECTION;sur place;LEADER PRICE EXPLOITATION;78;VERSAILLES;Commerce
VIDEOPROTECTION;sur place;MK2 BIBLIOTHEQUE;75;PARIS;Culture
VIDEOPROTECTION;sur place;MUSEUM NATIONAL D'HISTOIRE NATURELLE;75;PARIS;Culture
VIDEOPROTECTION;sur place;NOVOTEL PARIS LA DEFENSE;92;LA DEFENSE;Commerce
VIDEOPROTECTION;sur place;PISCINE SUZANNE BERLIOUX;75;PARIS;Sport
VIDEOPROTECTION;sur place;SOCIETE ALIMENTAIRE VERSAILLES YVELINES;78;VERSAILLES;Commerce
VIDEOPROTECTION;sur place;SODICHAR;78;BUC;Commerce
VIDEOPROTECTION;sur place;STADE NAUTIQUE GABRIEL MENUT;91;CORBEIL-ESSONNES;Collectivités territoriales
VIDEOPROTECTION;sur pièces;PREFECTURE DE POLICE DE PARIS;75;PARIS;Régalien
;;;;;
Nombre total de contrôles : 310;;;;;
