"Catégorie
de contrôle";"Modalité
de contrôle";Organismes contrôlés;Dépt.;Ville;Pays;"Activité
de l'organisme";;
RGPD;en ligne;BRICO PRIVE;31;L'UNION;FRANCE  ;Commerce;;
RGPD;sur pièces;CLUSTREE;75;PARIS;FRANCE  ;Travail;;
RGPD;sur audition;MEDIAN CONSEIL;64;PAU;FRANCE  ;Santé ;;
RGPD;sur place;MINISTÈRE DES ARMÉES;30;NIMES;FRANCE  ;Régalien;;
RGPD;en ligne;LE FIGARO;75;PARIS;FRANCE  ;Commerce;;
RGPD;en ligne;LE FIGARO;75;PARIS;FRANCE  ;Commerce;;
RGPD;en ligne;LES PUBLICATIONS CONDE NAST;75;PARIS;FRANCE  ;Commerce;;
RGPD;en ligne;LES PUBLICATIONS CONDE NAST;75;PARIS;FRANCE  ;Commerce;;
RGPD;en ligne;TIK TOK;;LONDRES;ROYAUME - UNI;Télécommunications;;
RGPD;sur place;SCRC Cabinet FER et C.A INVESTIGATION;63;CLERMONT FERRAND;FRANCE  ;Commerce;;
RGPD;sur audition;COSMO CONNECTED;75;PARIS;FRANCE  ;Transports;;
RGPD;sur place;"CEGEDIM LOGICIELS MEDICAUX FRANCE  
 
GROUPEMENT POUR L'ELABORATION ET LA REALISATION DE STATISTIQUES (G.E.R.S) 

ALLIANCE SOFTWARE 

SMART RX  

SANTESTAT ";79;CHAURAY;FRANCE  ;Santé ;;
RGPD;sur place;SANTESTAT  ;92;BOULOGNE-BILLANCOURT;FRANCE  ;Santé ;;
RGPD;sur place;CEGEDIM LOGICIELS MEDICAUX FRANCE  (CLM FRANCE);92;BOULOGNE-BILLANCOURT;FRANCE  ;Santé ;;
RGPD;sur place;"AGENCE RÉGIONALE DE SANTÉ
 NOUVELLE AQUITAINE";33;BORDEAUX;FRANCE  ;Santé ;;
RGPD;sur place;"AGENCE RÉGIONALE DE SANTÉ
 CENTRE-VAL-DE-LOIRE";45;ORLEANS;FRANCE  ;Santé ;;
RGPD;sur pièces;"AGENCE RÉGIONALE DE SANTÉ
 ILE-DE-FRANCE";75;PARIS;FRANCE  ;Santé ;;
RGPD;sur pièces;AGENCE RÉGIONALE DE SANTÉ ILE-DE-FRANCE ;75;PARIS;FRANCE  ;Santé ;;
RGPD;sur place;RECTORAT DE L'ACADÉMIE D'ORLÉANS - TOURS;45;ORLEANS;FRANCE  ;Santé ;;
RGPD;sur place;SELARL PHARMACIE BELLAICHE;75;PARIS;FRANCE  ;Santé ;;
RGPD;sur place;SOCIÉTE PHARMACIE ACTIPHARMA;75;PARIS;FRANCE  ;Santé ;;
RGPD;sur place;ASSISTANCE PUBLIQUE-HOPITAUX DE PARIS;75;PARIS;FRANCE  ;Santé ;;
RGPD;sur place;ASSISTANCE PUBLIQUE-HOPITAUX DE PARIS;75;PARIS;FRANCE  ;Santé ;;
RGPD;sur place;MINISTÈRE DE L'INTÉRIEUR;77;LOGNES;FRANCE  ;Régalien;;
RGPD;sur place;PRÉFECTURE DU NORD;59;LILLE;FRANCE  ;Régalien;;
RGPD;sur place;GMF ASSURANCES;92;LEVALLOIS-PERRET;FRANCE  ;Régalien;;
RGPD;sur place;PRÉFECTURE DE SEINE-MARITIME;76;ROUEN;FRANCE  ;Régalien;;
RGPD;sur place;HÔTEL DE POLICE DE CHARTRES;28;CHARTRES;FRANCE  ;Régalien;;
RGPD;sur audition;COMUTO;75;PARIS;FRANCE  ;Travail;;
RGPD;sur pièces;LIME;75;PARIS;FRANCE  ;Transports;;
RGPD;sur pièces;DOCTISSIMO;75;PARIS;FRANCE  ;Santé ;;
RGPD;sur place;"MINISTÈRE DE L'INTÉRIEUR
";69;ECULLY;FRANCE  ;Régalien;;
RGPD;sur place;MINISTÈRE DE L'INTÉRIEUR;95;PONTOISE;FRANCE  ;Régalien;;
RGPD;sur place;HOTEL DE POLICE DE LILLE;59;LILLE;FRANCE  ;Régalien;;
RGPD;sur place;MINISTÈRE DE L'INTÉRIEUR;95;ROISSY EN FRANCE;FRANCE  ;Régalien;;
RGPD;sur audition;M.F-TEL (TRANSCASH);13;ALLAUCH;FRANCE  ;Banque;;
RGPD;en ligne;VERIZON;;SUNNYVALE;ETATS-UNIS;Commerce;;
RGPD;sur audition;VERIZON;;SUNNYVALE;ETATS-UNIS;Commerce;;
RGPD;sur audition;MICROSOFT FRANCE ;75;PARIS;FRANCE  ;Commerce;;
RGPD;en ligne;MICROSOFT FRANCE ;75;PARIS;FRANCE  ;Commerce;;
RGPD;sur pièces;SQUARED;14;COLOMBELLES;FRANCE  ;Statistiques et enquêtes publiques ;;
RGPD;sur audition;QUATREM / MALAKOFF HUMANIS PREVOYANCE;75;PARIS;FRANCE  ;Santé ;;
RGPD;sur place;QUATREM / MALAKOFF HUMANIS PREVOYANCE;75;PARIS;FRANCE  ;Santé ;;
RGPD;sur pièces;CONSEIL NATIONAL DES ACTIVITÉS PRIVÉES DE SECURITÉ;75;PARIS;FRANCE  ;Régalien;;
RGPD;sur audition;MICROSOFT FRANCE ;75;PARIS;FRANCE  ;Commerce;;
RGPD;sur audition;LEOCARE;75;PARIS;FRANCE  ;Assurance;;
RGPD;sur audition;COVERD;75;PARIS;FRANCE  ;Assurance;;
RGPD;sur pièces;KG COM;69;VILLEURBANNE;FRANCE  ;Commerce;;
RGPD;en ligne;KG COM;69;VILLEURBANNE;FRANCE  ;Commerce;;
RGPD;sur place;KG COM;69;VILLEURBANNE;FRANCE  ;Commerce;;
RGPD;en ligne; MINISTÈRE DES SOLIDARITÉS ET DE LA SANTÉ ;75;PARIS;FRANCE  ;Santé ;;
RGPD;sur place; MINISTÈRE DES SOLIDARITÉS ET DE LA SANTÉ ;75;PARIS;FRANCE  ;Santé ;;
RGPD;sur place;MINISTÈRE DE L'INTÉRIEUR;92;ISSY LES MOULINEAUX;FRANCE  ;Régalien;;
RGPD;sur place;MINISTÈRE DE L'INTÉRIEUR;44;NANTES;FRANCE  ;Régalien;;
RGPD;sur pièces;MINISTÈRE DE L'INTÉRIEUR;75;PARIS;FRANCE  ;Régalien;;
RGPD;sur place;MINISTÈRE DE L'INTÉRIEUR;92;NANTERRE;FRANCE  ;Régalien;;
RGPD;sur place;MINISTÈRE DE L'EUROPE ET DES AFFAIRES ÉTRANGÈRES;44;NANTES;FRANCE  ;Régalien;;
RGPD;sur pièces;MINISTÈRE DE L'INTÉRIEUR;75;PARIS;FRANCE  ;Régalien;;
RGPD;sur audition;LA FINANCIÈRE DES PAIEMENTS ÉLECTRONIQUES;94;CHARENTON-LE-PONT;FRANCE  ;Banque;;
RGPD;en ligne;BIOTYFULL;92;SURESNES;FRANCE  ;Commerce;;
RGPD;sur audition;BIOTYFULL;75;PARIS;FRANCE  ;Commerce;;
RGPD;en ligne;LIBÉRATION;75;PARIS;FRANCE  ;Presse;;
RGPD;sur pièces;LIBÉRATION;75;PARIS;FRANCE  ;Presse;;
RGPD;en ligne;LIBÉRATION;75;PARIS;FRANCE  ;Presse;;
RGPD;sur pièces;LIBÉRATION;75;PARIS;FRANCE  ;Presse;;
RGPD;en ligne;CHAPITRE.COM;75;PARIS;FRANCE  ;Culture;;
RGPD;sur pièces;CHAPITRE.COM;75;PARIS;FRANCE  ;Culture;;
RGPD;en ligne;CHAPITRE.COM;75;PARIS;FRANCE  ;Culture;;
RGPD;en ligne;SALESFORCE.COM FRANCE;75;PARIS;FRANCE  ;Commerce;;
RGPD;sur audition;SALESFORCE.COM FRANCE;75;PARIS;FRANCE  ;Commerce;;
RGPD;sur audition;AUTOBIZ SAS;75;PARIS;FRANCE  ;Commerce;;
RGPD;sur audition;MARKETING IMMOBILIER;75;PARIS;FRANCE  ;Commerce;;
RGPD;sur pièces;SAUCEAMERICA.COM;;;;;;
RGPD;sur place;KAREN OPTIC;77;CHELLES;FRANCE  ;Commerce;;
RGPD;sur place;KAREN OPTIC;77;LAGNY-SUR-MARNE;FRANCE  ;Commerce;;
RGPD;en ligne;ENI GAS & POWER FRANCE;92;LEVALLOIS-PERRET;FRANCE  ;Energie;;
RGPD;sur pièces;ENI GAS & POWER FRANCE;92;LEVALLOIS-PERRET;FRANCE  ;Energie;;
RGPD;sur audition;MY TRAFFIC;75;PARIS;FRANCE  ;Commerce;;
RGPD;sur pièces;KORIAN;75;PARIS;FRANCE  ;Santé ;;
RGPD;sur pièces;LEDGER;75;PARIS;FRANCE  ;Commerce;;
RGPD;sur place;LEDGER;75;PARIS;FRANCE  ;Commerce;;
RGPD;sur pièces;ITM  ALIMENTAIRE INTERNATIONAL;75;PARIS;FRANCE  ;Commerce;;
RGPD;en ligne;WESIGNIT;75;PARIS;FRANCE  ;Associatif;;
RGPD;sur audition;WESIGNIT;75;PARIS;FRANCE  ;Associatif;;
RGPD;en ligne;GROUPE CANAL PLUS;92;ISSY LES MOULINEAUX;FRANCE  ;Commerce;;
RGPD;sur pièces;GROUPE CANAL PLUS;92;ISSY LES MOULINEAUX;FRANCE  ;Commerce;;
RGPD;sur pièces;MINISTÈRE DE L'ÉDUCATION NATIONALE, DE LA JEUNESSE ET DES SPORTS;75;PARIS;FRANCE  ;Education;;
RGPD;sur pièces;CORNERSTONE ONDEMAND GLOBAL OPERATIONS INC.;75;PARIS;FRANCE  ;Travail;;
RGPD;sur pièces;CORNERSTONE ONDEMAND GLOBAL OPERATIONS INC.;75;PARIS;FRANCE  ;Travail;;
RGPD;en ligne;EDF;75;PARIS;FRANCE  ;Energie;;
RGPD;sur pièces;EDF;75;PARIS;FRANCE  ;Energie;;
RGPD;en ligne;SOCIÉTE GÉNERALE;75;PARIS;FRANCE  ;Banque;;
RGPD;sur pièces;SOCIÉTE GÉNERALE;75;PARIS;FRANCE  ;Banque;;
RGPD;en ligne;ENGIE;92;COURBEVOIE;FRANCE  ;Energie;;
RGPD;sur pièces;ENGIE;92;COURBEVOIE;FRANCE  ;Energie;;
RGPD;sur pièces;LEPAPE;75;PARIS;FRANCE  ;Commerce;;
RGPD;sur audition;LINK MOBILITY;92;BOULOGNE-BILLANCOURT;FRANCE  ;Commerce;;
RGPD;sur audition;ASSURANCES DAUPHIN;92;SAINT-CLOUD;FRANCE  ;Commerce;;
RGPD;sur audition;" MINISTÈRE DES SOLIDARITÉS ET DE LA SANTÉ 
CNAM";75;PARIS;FRANCE  ;Santé ;;
RGPD;sur place;Maison des associations du 7ème;75;PARIS;FRANCE  ;Associatif;;
RGPD;sur place;CENTRE DE VACCINATION DU STADE DE FRANCE;93;SAINT-DENIS;FRANCE  ;Santé ;;
RGPD;sur place;CENTRE DE VACCINATION SITE HOSPITALIER MARC JACQUET;77;MELUN;FRANCE  ;Santé ;;
RGPD;sur place; MINISTÈRE DES SOLIDARITÉS ET DE LA SANTÉ ;75;PARIS;FRANCE  ;Santé ;;
RGPD;sur audition;ALPHALINK DEVELOPPEMENT;44;PORNIC;FRANCE  ;Commerce;;
RGPD;en ligne;"DEDALUS FRANCE
DEDALUS BIOLOGIE";92;PLESSIS-ROBINSON;FRANCE  ;Santé ;;
RGPD;sur pièces;"DEDALUS FRANCE
DEDALUS BIOLOGIE";92;PLESSIS-ROBINSON;FRANCE  ;Santé ;;
RGPD;sur place;"DEDALUS FRANCE
DEDALUS BIOLOGIE";92;PLESSIS-ROBINSON;FRANCE  ;Santé ;;
RGPD;sur pièces;AIR FRANCE;93;TREMBLAY EN FRANCE;FRANCE  ;Transports;;
RGPD;en ligne;"DEDALUS FRANCE
DEDALUS BIOLOGIE";92;PLESSIS-ROBINSON;FRANCE  ;Santé ;;
RGPD;en ligne;GIE INFOGREFFE;94;VINCENNES;FRANCE  ;Régalien;;
RGPD;sur place;LABORIZON BRETAGNE;35;RENNES;FRANCE  ;Santé ;;
RGPD;sur pièces;LABORIZON BRETAGNE;35;REDON;FRANCE  ;Santé ;;
RGPD;sur place;LABORATOIRE BIOALLIANCE DES DROITS DE L’HOMME;45;ORLEANS;FRANCE  ;Santé ;;
RGPD;sur place;MCCANN ERICKSON PARIS;92;NEUILLY-SUR-SEINE;FRANCE  ;Travail;;
RGPD;sur pièces;MCCANN ERICKSON PARIS;92;NEUILLY-SUR-SEINE;FRANCE  ;Travail;;
RGPD;sur pièces;MCDONALD'S FRANCE SERVICES;78;GUYANCOURT;FRANCE  ;Commerce;;
RGPD;sur place;CABINET B-A CONSEIL;95;ARGENTEUIL;FRANCE  ;Commerce;;
RGPD;sur pièces;ASSISTANCE PUBLIQUE-HOPITAUX DE PARIS;75;PARIS;FRANCE  ;Santé ;;
RGPD;sur pièces; MINISTÈRE DES SOLIDARITÉS ET DE LA SANTÉ ;75;PARIS;FRANCE  ;Santé ;;
RGPD;sur pièces;MINISTÈRE DE L'ÉDUCATION NATIONALE;75;PARIS;FRANCE  ;Santé ;;
RGPD;en ligne;MCDONALD'S FRANCE SERVICES;78;GUYANCOURT;FRANCE  ;Commerce;;
RGPD;sur pièces;MCDONALD'S FORCE ;92;BOULOGNE-BILLANCOURT;FRANCE  ;Commerce;;
RGPD;sur pièces;MCDONALD'S FRANCE SERVICES;78;GUYANCOURT;FRANCE  ;Commerce;;
RGPD;en ligne;"LBC FRANCE
";75;PARIS;FRANCE  ;Commerce;;
RGPD;sur pièces;"LBC FRANCE
";75;PARIS;FRANCE  ;Commerce;;
RGPD;en ligne;FACEBOOK;;DUBLIN;IRLANDE;Télécommunications;;
RGPD;sur pièces;FACEBOOK FRANCE;75;PARIS;FRANCE  ;Télécommunications;;
RGPD;sur pièces;FACEBOOK  IRELAND ;;DUBLIN;IRLANDE;Télécommunications;;
RGPD;en ligne;KOMPAR;75;PARIS;FRANCE  ;Commerce;;
RGPD;en ligne;PEPPER FRANCE  ;69;LYON;FRANCE  ;Commerce;;
RGPD;sur pièces;PEPPER FRANCE ;69;LYON;FRANCE  ;Commerce;;
RGPD;en ligne;ORANGE  ;75;PARIS;FRANCE  ;Télécommunications;;
RGPD;sur pièces;ORANGE  ;75;PARIS;FRANCE  ;Télécommunications;;
RGPD;sur pièces;FÉDÉRATION FRANCAISE D'ÉQUITATION;41;LAMOTTE-BEUVRON;FRANCE  ;Associatif;;
RGPD;en ligne;COMMUNE DE LYON;69;LYON;FRANCE  ;Collectivités territoriales;;
RGPD;en ligne;COMMUNE DE BORDEAUX;33;BORDEAUX;FRANCE  ;Collectivités territoriales;;
RGPD;sur pièces;I-RAISER GROUP;44;SAINT-SEBASTIEN-SUR-LOIRE;FRANCE  ;Associatif;;
RGPD;en ligne;JEUXVIDEO.COM;75;PARIS;FRANCE  ;Commerce;;
RGPD;sur pièces;JEUXVIDEO.COM;92;LEVALLOIS-PERRET;FRANCE  ;Commerce;;
RGPD;en ligne;ALLOCINE.FR;75;PARIS;FRANCE  ;Commerce;;
RGPD;sur pièces;ALLOCINE.FR;75;PARIS;FRANCE  ;Commerce;;
RGPD;en ligne;PRESTASHOP;75;PARIS;FRANCE  ;Commerce;;
RGPD;en ligne;20 MINUTES FRANCE;75;PARIS;FRANCE  ;Presse;;
RGPD;en ligne;COMMUNE DE BEAUNE;21;BEAUNE;FRANCE  ;Collectivités territoriales;;
RGPD;en ligne;NEW OXATIS;13;MARSEILLE;FRANCE  ;Commerce;;
RGPD;sur pièces;NEW OXATIS;13;MARSEILLE;FRANCE  ;Commerce;;
RGPD;en ligne;VYBE;92;CLICHY;FRANCE  ;Banque;;
RGPD;sur audition;VYBE;75;PARIS;FRANCE  ;Banque;;
RGPD;sur pièces;SELAS CERBALLIANCE EURE;27;EVREUX;FRANCE  ;Santé ;;
RGPD;sur pièces;SELAS OCEALAB;56;VANNES;FRANCE  ;Santé ;;
RGPD;sur pièces;SELAS BIOPOLE;56;PONTIVY;FRANCE  ;Santé ;;
RGPD;sur place;CHU DE CLERMONT - FERRAND;63;CLERMONT-FERRAND;FRANCE  ;Collectivités territoriales;;
RGPD;en ligne;COMMUNE DE TOULOUSE;31;TOULOUSE;FRANCE  ;Collectivités territoriales;;
RGPD;sur place;"CEGEDIM
 GERS SAS
SOCIÉTÉ  DE GROUPEMENT POUR L'ELABORATION ET LA REALISATION DE STATISTIQUES";92;BOULOGNE-BILLANCOURT;FRANCE  ;Santé ;;
RGPD;en ligne;GREEN  LANTERN;75;PARIS;FRANCE  ;Environnement;;
RGPD;sur audition;GREEN  LANTERN;75;PARIS;FRANCE  ;Environnement;;
RGPD;en ligne;OFFSPEND;75;PARIS;FRANCE  ;Environnement;;
RGPD;sur audition;OFFSPEND;75;PARIS;FRANCE  ;Environnement;;
RGPD;en ligne;MINISTÈRE DE LA JUSTICE;75;PARIS;FRANCE  ;Régalien;;
RGPD;sur place;INOX ALU CONCEPT;26;LORIOL-SUR-DRÔME;FRANCE  ;Travail;;
RGPD;en ligne;lolivier.fr;59;MARCQ-EN-BAROEUL;FRANCE  ;Assurance;;
RGPD;en ligne;cnp.fr;75;PARIS;FRANCE  ;Assurance;;
RGPD;en ligne;netflix.fr;75;PARIS;FRANCE  ;Télécommunications;;
RGPD;en ligne;ebay.fr;75;PARIS;FRANCE  ;Commerce;;
RGPD;en ligne;airbnb.fr;75;PARIS;FRANCE  ;Tourisme;;
RGPD;en ligne;cci.fr;92;LEVALOIS-PERRET;FRANCE  ;Banque;;
RGPD;en ligne;dropbox.com/fr;;PARIS;FRANCE  ;Télécommunications;;
RGPD;en ligne;nike.com/fr;75;PARIS;FRANCE  ;Commerce;;
RGPD;en ligne;adidas.fr;67;STRASBOURG;FRANCE  ;Commerce;;
RGPD;en ligne;COMMUNE DE STRASBOURG;67;STRASBOURG;FRANCE  ;Collectivités territoriales;;
RGPD;en ligne;sony.fr;92;PUTEAUX;FRANCE  ;Télécommunications;;
RGPD;en ligne;mi.com;92;BOULOGNE-BILLANCOURT;FRANCE  ;Commerce;;
RGPD;en ligne;aliexpress.com;75;PARIS;FRANCE  ;Commerce;;
RGPD;en ligne;dell.com;34;MONTPELLIER;FRANCE  ;Commerce;;
RGPD;en ligne;nintendo.fr;92;COURBEVOIE;FRANCE  ;Jeux;;
RGPD;en ligne;SNCF.com;93;BOBIGNY;FRANCE  ;Transports;;
RGPD;en ligne;ameli.fr;75;PARIS;FRANCE  ;Santé ;;
RGPD;en ligne;espace-des-marques.com;85;LA BOISSIERE DES LANDES;FRANCE  ;Commerce;;
RGPD;en ligne;frisquet.com;75;MEAUX;FRANCE  ;Commerce;;
RGPD;en ligne;marcjacobs.com;75;PARIS;FRANCE  ;Commerce;;
RGPD;en ligne;MONECHO;78;PLAISIR;FRANCE  ;Santé ;;
RGPD;sur pièces;MONECHO;78;PLAISIR;FRANCE  ;Santé ;;
RGPD;en ligne;MONECHO;78;PLAISIR;FRANCE  ;Santé ;;
RGPD;en ligne;NATIONAL EDUCATION TECHNOLOGIES;;VANCOUVER;CANADA;Commerce;;
RGPD;sur pièces;NATIONAL EDUCATION TECHNOLOGIES;;VANCOUVER;CANADA;Commerce;;
RGPD;en ligne;MINISTÈRE DE L'ÉDUCATION NATIONALE, DE LA JEUNESSE ET DES SPORTS;75;PARIS;FRANCE  ;Education;;
RGPD;en ligne;VILLE DE PARIS;75;PARIS;FRANCE  ;Collectivités territoriales;;
RGPD;en ligne;CAISSE NATIONALE DES ALLOCATIONS FAMILIALES;75;PARIS;FRANCE  ;Collectivités territoriales;;
RGPD;en ligne;GROUPE D'INTÉRÊTS PUBLIC PIX;75;PARIS;FRANCE  ;Associatif;;
RGPD;sur place;SECURITAS;51;MUIZON;FRANCE  ;Commerce;;
RGPD;en ligne;DIRECTION DE L'INFORMATION LÉGALE ET ADMINISTRATIVE;75;PARIS;FRANCE  ;Régalien;;
RGPD;en ligne;ARS NOVA SYSTEMS;44;NANTES;FRANCE  ;Commerce;;
RGPD;sur pièces;ARS NOVA SYSTEMS;44;NANTES;FRANCE  ;Commerce;;
RGPD;sur place;COMMUNE DE BEAUCAIRE;30;BEAUCAIRE;FRANCE  ;Collectivités territoriales;;
RGPD;sur pièces;COMMUNE DE BEAUCAIRE;30;BEAUCAIRE;FRANCE  ;Collectivités territoriales;;
RGPD;sur place;COMMUNE DE BEAUCAIRE;30;BEAUCAIRE;FRANCE  ;Collectivités territoriales;;
RGPD;sur place;MJ SPORTS INTERSPORT;45;SARRAN;FRANCE  ;Commerce;;
RGPD;en ligne;SHOWROOMPRIVE.COM;75;PARIS;FRANCE  ;Commerce;;
RGPD;en ligne;XOOLOO;75;PARIS;FRANCE  ;Commerce;;
RGPD;sur place;XOOLOO;75;PARIS;FRANCE  ;Commerce;;
RGPD;en ligne;XOOLOO;75;PARIS;FRANCE  ;Commerce;;
RGPD;en ligne;GOOGLE;75;PARIS;FRANCE  ;Commerce;;
RGPD;sur pièces; BLADE;75;PARIS;FRANCE  ;Commerce;;
RGPD;sur place;COMMUNE DE BRIENON-SUR-ARMANCON;89;BRIENON-SUR-ARMANCON;FRANCE  ;Collectivités territoriales;;
RGPD;sur place;SANI 92;92;GENNEVILLIERS;FRANCE  ;Transports;;
RGPD;en ligne;APPLE;75;PARIS;FRANCE  ;Commerce;;
RGPD;en ligne;APPLE;75;PARIS;FRANCE  ;Commerce;;
RGPD;sur pièces;APPLE;75;PARIS;FRANCE  ;Commerce;;
RGPD;sur place;APPLE;75;PARIS;FRANCE  ;Commerce;;
RGPD;en ligne;"MINISTÈRE DU TRAVAIL 
";75;PARIS;FRANCE  ;Travail;;
RGPD;sur pièces;BSSANTE.COM;59;ROUBAIX;FRANCE  ;Santé ;;
RGPD;sur pièces;UBIQUS;92;PUTEAUX;FRANCE  ;Commerce;;
RGPD;sur pièces;UMANIS;92;LEVALLOIS-PERRET;FRANCE  ;Commerce;;
RGPD;en ligne;COMMUNE DE MARSEILLE;13;MARSEILLE;FRANCE  ;Collectivités territoriales;;
RGPD;sur place;ASSOCIATION POUR LE SOUTIEN A LA FONDATION DES FEMMES;75;PARIS;FRANCE  ;Associatif;;
RGPD;en ligne;CENTRE HOSPITALIER UNIVERSITAIRE DE LIMOGES;75;PARIS;FRANCE  ;Santé;;
RGPD;sur pièces;ASTORYA SGI SOLUTION GLOBALE INFORMATIQUE;44;NANTES;FRANCE  ;Commerce;;
RGPD;sur audition;OATH BRANDS;75;PARIS;FRANCE  ;Commerce;;
RGPD;sur place;INRIA;75;PARIS;FRANCE  ;Santé ;;
RGPD;sur place;IN GROUPE;59;FLERS-EN-ESCREBIEUX;FRANCE  ;Régalien;;
RGPD;sur place;AÉROPORTS DE PARIS;95;ROISSY-EN-FRANCE;FRANCE  ;Santé;;
RGPD;sur place;MUSÉE DU QUAI BRANLY - JACQUES CHIRAC;75;PARIS;FRANCE  ;Culture;;
RGPD;sur place;LA FELICITA;75;PARIS;FRANCE  ;Santé;;
RGPD;sur place;"IQVIA OPÉRATIONS FRANCE SAS 
IQVIA HOLDINGS FRANCE SAS 
IQVIA RDS FRANCE ";92;COURBEVOIE;FRANCE  ;Santé ;;
RGPD;sur place;"IQVIA OPÉRATIONS FRANCE SAS 
IQVIA HOLDINGS FRANCE SAS 
IQVIA RDS FRANCE ";92;COURBEVOIE;FRANCE  ;Santé ;;
RGPD;sur place;"IQVIA OPÉRATIONS FRANCE SAS 
IQVIA HOLDINGS FRANCE SAS 
IQVIA RDS FRANCE ";75;PARIS;FRANCE  ;Santé ;;
RGPD;sur place;"IQVIA OPÉRATIONS FRANCE SAS 
IQVIA HOLDINGS FRANCE SAS 
IQVIA RDS FRANCE 
";75;PARIS;FRANCE  ;Santé ;;
RGPD;sur place;"IQVIA OPÉRATIONS FRANCE SAS 
IQVIA HOLDINGS FRANCE SAS 
IQVIA RDS FRANCE 
";75;PARIS;FRANCE  ;Santé ;;
RGPD;sur place;"IQVIA OPÉRATIONS FRANCE SAS 
IQVIA HOLDINGS FRANCE SAS 
IQVIA RDS FRANCE ";75;PARIS;FRANCE  ;Santé ;;
RGPD;sur place;"IQVIA OPÉRATIONS FRANCE SAS 
IQVIA HOLDINGS FRANCE SAS 
IQVIA RDS FRANCE ";75;PARIS;FRANCE  ;Santé ;;
RGPD;sur place;"IQVIA OPÉRATIONS FRANCE SAS 
IQVIA HOLDINGS FRANCE SAS 
IQVIA RDS FRANCE 
";75;PARIS;FRANCE  ;Santé ;;
RGPD;en ligne;Lemedecin.fr;75;PARIS;FRANCE  ;Santé ;;
RGPD;sur audition;Lemedecin.fr;75;PARIS;FRANCE  ;Santé ;;
RGPD;sur place;CERBA;95;SAINT OUEN L'AUMONE;FRANCE  ;Santé ;;
RGPD;en ligne;CERBA;75;PARIS;FRANCE  ;Santé ;;
RGPD;en ligne;hotels.com;75;PARIS;FRANCE  ;Tourisme;;
RGPD;en ligne;opodo.fr;75;PARIS;FRANCE  ;Tourisme;;
RGPD;en ligne;dyson.fr;75;PARIS;FRANCE  ;Commerce;;
RGPD;en ligne;spotify.com;75;PARIS;FRANCE  ;Culture;;
RGPD;en ligne;zalando.fr;75;PARIS;FRANCE  ;Commerce;;
RGPD;en ligne;twitter.com;75;PARIS;FRANCE  ;Télécommunications;;
RGPD;en ligne;proprietaire.dossierfacile.fr;92;PUTEAUX;FRANCE  ;Régalien;;
RGPD;en ligne;pap.fr;75;PARIS;FRANCE  ;Immobilier;;
RGPD;en ligne;buffalo-grill.fr;92;MONTROUGE;FRANCE  ;Commerce;;
RGPD;en ligne;asus.com/fr;93;NOISY LE GRAND;FRANCE  ;Commerce;;
RGPD;en ligne;maiia.com;92;BOULOGNE-BILLANCOURT;FRANCE  ;Santé ;;
RGPD;en ligne;hp.com;92;MEUDON;FRANCE  ;Commerce;;
RGPD;en ligne;getaround.com;75;PARIS;FRANCE  ;Transports;;
RGPD;en ligne;retraitesdeletat.gouv.fr;44;NANTES;FRANCE  ;Régalien;;
RGPD;en ligne;service.eau.veolia.fr;75;PARIS;FRANCE  ;Energie;;
RGPD;en ligne;infotrafic.com;95;PUISEUX PONTOISE;FRANCE  ;Transports;;
RGPD;en ligne;corsair.com;75;PARIS;FRANCE  ;Commerce;;
RGPD;en ligne;cmgsportsclub.com;75;PARIS;FRANCE  ;Commerce;;
RGPD;en ligne;gap-FRANCE.fr;75;PARIS;FRANCE  ;Commerce;;
RGPD;en ligne;dorcel.com;56;LANESTER;FRANCE  ;Commerce;;
RGPD;en ligne;superdry.fr;75;PARIS;FRANCE  ;Commerce;;
RGPD;en ligne;newbalance.fr;75;PARIS;FRANCE  ;Commerce;;
RGPD;en ligne;carburant.esso.fr;92;NANTERRE;FRANCE  ;Energie;;
RGPD;en ligne;pepsi.fr;92;COLOMBES;FRANCE  ;Commerce;;
RGPD;en ligne;visa.fr;75;PARIS;FRANCE  ;Banque;;
RGPD;en ligne;mastercard.fr;75;PARIS;FRANCE  ;Banque;;
RGPD;en ligne;westernunion.com;92;COURBEVOIE;FRANCE  ;Banque;;
RGPD;en ligne;europcar.fr;75;PARIS;FRANCE  ;Transports;;
RGPD;en ligne;intel.fr;92;MEUDON;FRANCE  ;Commerce;;
RGPD;en ligne;amd.com;38;EYBENS;FRANCE  ;Commerce;;
RGPD;en ligne;twitch.tv;92;COURBEVOIE;FRANCE  ;Culture;;
RGPD;en ligne;avis.fr;92;PUTEAUX;FRANCE  ;Transports;;
RGPD;en ligne;groupon.fr;;PARIS;FRANCE  ;Commerce;;
RGPD;en ligne;cisco.com;92;ISSY LES MOULINEAUX;FRANCE  ;Commerce;;
RGPD;en ligne;oracle.com;92;COLOMBES;FRANCE  ;Commerce;;
RGPD;en ligne;sap.com/FRANCE;92;LEVALLOIS-PERRET;FRANCE  ;Commerce;;
RGPD;en ligne;bordeaux.fr;33;BORDEAUX;FRANCE  ;Collectivités territoriales;;
RGPD;en ligne;lyon.fr;69;LYON;FRANCE  ;Collectivités territoriales;;
RGPD;en ligne;CENTRE DES MONUMENTS NATIONAUX;75;PARIS;FRANCE  ;Culture;;
RGPD;sur place;HALIODX;13;MARSEILLE;FRANCE  ;Santé ;;
RGPD;sur place;CAISSE D'ÉPARGNE DE MIDI-PYRENEES;31;TOULOUSE;FRANCE  ;Banque;;
RGPD;sur place;ASSOCIATION GREP et SOCIÉTÉ GREP INTERIM;69;LYON;FRANCE  ;Associatif;;
RGPD;en ligne;CHRU DE BESANCON;75;PARIS;FRANCE  ;Santé ;;
RGPD;en ligne;NET SOLUTION PARTNER;75 ;PARIS;FRANCE  ;Commerce;;
RGPD;sur place;NET SOLUTION PARTNER;75;PARIS;FRANCE  ;Commerce;;
RGPD;sur place;NATHALEX;80;DOULLENS;FRANCE  ;Commerce;;
RGPD;en ligne;ART DIFFUS;75;PARIS;FRANCE  ;Commerce;;
RGPD;sur place;ART DIFFUS;75;PARIS;FRANCE  ;Commerce;;
RGPD;sur place;EMAILING NETWORK SARL;92;BOULOGNE-BILLANCOURT;FRANCE  ;Commerce;;
RGPD;sur audition;AVOSVOTES;75;PARIS;FRANCE  ;Vote électronique;;
RGPD;sur place;BAC UP;75;PARIS;FRANCE  ;Travail;;
RGPD;en ligne;EMAILING NETWORK SARL;75;PARIS;FRANCE  ;Travail;;
RGPD;en ligne;VESTIAIRE COLLECTIVE;75;PARIS;FRANCE  ;Commerce;;
RGPD;sur place;VESTIAIRE COLLECTIVE;75;PARIS;FRANCE  ;Commerce;;
RGPD;sur place;GENDARMERIE DE CLERMONT;60;CLERMONT;FRANCE  ;Régalien;;
RGPD;en ligne;QUALIPLAINTE;84;LA TOUR D'AIGUES;FRANCE  ;Régalien;;
RGPD;sur pièces;QUALIPLAINTE;84;LA TOUR D'AIGUES;FRANCE  ;Régalien;;
RGPD;sur place;OPENHEALTH;56;VANNES;FRANCE  ;Santé ;;
RGPD;sur pièces;DOCTOLIB;92;LEVALLOIS-PERRET;FRANCE  ;Santé ;;
RGPD;sur place;TRENCUBE;31;TOULOUSE;FRANCE  ;Commerce;;
RGPD;en ligne;PLEDG;29;SAINT-PABU;FRANCE  ;Banque;;
RGPD;sur place;PLEDG;75;PARIS;FRANCE  ;Banque;;
RGPD;sur place;SNC VH 198;75;PARIS;FRANCE  ;Immobilier;;
RGPD;sur place;SFK GROUP;75;PARIS;FRANCE  ;Commerce;;
RGPD;en ligne;ZE WAY ;75;PARIS;FRANCE  ;Commerce;;
RGPD;sur place;ZE WAY ;75;PARIS;FRANCE  ;Commerce;;
RGPD;en ligne;NEOSURF CARDS ;75;PARIS;FRANCE  ;Banque;;
RGPD;sur place;NEOSURF CARDS ;75;PARIS;FRANCE  ;Banque;;
RGPD;en ligne;VOODOO;75;PARIS;FRANCE  ;Jeux;;
RGPD;sur pièces;VOODOO;75;PARIS;FRANCE  ;Jeux;;
RGPD;en ligne;ASSOCIATION POUR L'EMPLOI DES CADRES;75;PARIS;FRANCE  ;Associatif;;
RGPD;sur place;EPITECH ;94;LE KREMLIN-BICETRE;FRANCE  ;Education;;
RGPD;sur place;FRANCETEST;67;STRASBOURG;FRANCE  ;Santé ;;
RGPD;sur place;PHARMACIE DE L'ANGE;67;STRASBOURG;FRANCE  ;Santé ;;
RGPD;sur place;PHARMACIE DE LA MARSEILLAISE;67;STRASBOURG;FRANCE  ;Santé ;;
RGPD;sur place;COMMUNAUTÉ D'UNIVERSITÉ ET D'ÉTABLISSEMENTS UNIVERSITÉ FÉDÉRALE DE TOULOUSE MIDI-PYRÉNÉE;31;TOULOUSE;FRANCE  ;Education;;
RGPD;sur place;WELLPACK;92;MALAKOFF;FRANCE  ;Commerce;;
RGPD;sur audition;MKD GROUPE;75;PARIS;FRANCE  ;Commerce;;
RGPD;sur place;BEEHIVE (bar/brasserie LA RUCHE);69;LYON;FRANCE  ;Commerce;;
RGPD;sur place;DOOVISION;77;EMERAINVILLE;FRANCE  ;Santé ;;
RGPD;sur place;BOUYGUES IMMOBILIER;92;ISSY LES MOULINEAUX;FRANCE  ;Immobilier;;
RGPD;sur place;CRÉDIT DU NORD;59;LILLE;FRANCE  ;Banque;;
RGPD;sur place;FÉDÉRATION FRANCAISE DE NATATION;92;CLICHY;FRANCE  ;Sport;;
RGPD;sur place;SAFTI;31;TOULOUSE;FRANCE  ;Immobilier;;
RGPD;sur place;NEXITY;75;PARIS;FRANCE  ;Immobilier;;
RGPD;sur place;ÉCOLE DE LA 2ème CHANCE (E2C);13;MARSEILLE;FRANCE  ;Éducation;;
RGPD;sur place;LYCAMOBILE;75;PARIS;FRANCE  ;Travail;;
RGPD;sur place;SOCIÉTÉ QARE;75;PARIS;FRANCE  ;Santé ;;
RGPD;sur place;SOFTWAY MEDICAL;13;MEYREUIL;FRANCE  ;Santé ;;
RGPD;en ligne;IPOOME;92;ISSY LES MOULINEAUX;FRANCE  ;Commerce;;
RGPD;sur place;IPOOME;92;ISSY LES MOULINEAUX;FRANCE  ;Commerce;;
RGPD;en ligne;KERING;75;PARIS;FRANCE  ;Commerce;;
RGPD;sur place;SOLWARE HOLDING;69;DARDILLY;FRANCE  ;Nouvelles technologies;;
RGPD;sur place;SINOTRANS AIR;92;PUTEAUX;FRANCE  ;Travail;;
RGPD;sur place;"SOCIÉTÉS APLUS 
INFORMATIQUE ET FORM APLUS";06;NICE;FRANCE  ;Travail;;
RGPD;sur place;"INSTITUT EUROPÉEN
 SCIENCES HUMAINES";58;SAINT-LEGER-DE-FOUGERET;FRANCE  ;Education;;
RGPD;sur place;MARIDIS;13;MARIGNANE;FRANCE  ;Commerce;;
RGPD;sur place;I@D FRANCE ;77;LIEUSAINT;FRANCE  ;Immobilier;;
RGPD;sur place;SCION DATA AGENCY;92;NEUILLY-SUR-SEINE;FRANCE  ;Nouvelles technologies;;
RGPD;sur place;Caisse Centrale Activité Sociale (CCAS);93;MONTRIEUIL;FRANCE  ;Social;;
RGPD;sur place;HEBERGEMENT ET INFOGÉRANCE DES SYSTEMES D'INFORMATIONS;75;PARIS;FRANCE  ;Santé ;;
RGPD;en ligne;meteoFRANCE.fr;75;SAINT MANDE;FRANCE  ;;;
RGPD;en ligne;dons.restosducoeur.org;75;PARIS;FRANCE  ;Associatif;;
RGPD;en ligne;agroparistech.fr;75;PARIS;FRANCE  ;Education;;
RGPD;en ligne;mines-nancy.univ-lorraine.fr;54;NANCY;FRANCE  ;Education;;
RGPD;en ligne;inp-toulouse.fr;31;TOULOUSE;FRANCE  ;Education;;
RGPD;en ligne;isae-supaero.fr;31;TOULOUSE;FRANCE  ;Education;;
RGPD;en ligne;monalbumphoto.fr;75;PARIS;FRANCE  ;Commerce;;
RGPD;en ligne;shop.mango.com;75;PARIS;FRANCE  ;Commerce;;
RGPD;en ligne;zara.com;75;PARIS;FRANCE  ;Commerce;;
RGPD;en ligne;ray-ban.com;06;VALBONNE;FRANCE  ;Commerce;;
RGPD;en ligne;nouveaupartianticapitaliste.org;75;PARIS;FRANCE  ;Activités politiques;;
RGPD;en ligne;resistons-FRANCE.fr;75;PARIS;FRANCE  ;Activités politiques;;
RGPD;en ligne;parti-socialiste.fr;75;PARIS;FRANCE  ;Activités politiques;;
RGPD;en ligne;upr.fr;75;PARIS;FRANCE  ;Activités politiques;;
RGPD;en ligne;change.org;75;PARIS;FRANCE  ;Associatif;;
RGPD;en ligne;ryanair.com;13;MARIGNANE;FRANCE  ;Transports;;
RGPD;en ligne;thalys.com;;BELGIQUE;FRANCE  ;Transports;;
RGPD;en ligne;thetrainline.com;75;PARIS;FRANCE  ;Transports;;
RGPD;en ligne;auchan.fr;59;VILLENEUVE D'ASCQ;FRANCE  ;Commerce;;
RGPD;en ligne;decathlon.fr;59;VILLENEUVE D'ASCQ;FRANCE  ;Commerce;;
RGPD;en ligne;sephora.fr;92;NEUILLY-SUR-SEINE;FRANCE  ;Commerce;;
RGPD;en ligne;laredoute.fr;59;ROUBAIX;FRANCE  ;Commerce;;
RGPD;en ligne;rueducommerce.fr;75;PARIS;FRANCE  ;Commerce;;
RGPD;en ligne;easydeclaration.com;75;PARIS;FRANCE  ;Santé ;;
RGPD;en ligne;spareka.fr;93;MONTREUIL;FRANCE  ;Commerce;;
RGPD;en ligne;grandfrais.com;75;GIVORS;FRANCE  ;Commerce;;
RGPD;en ligne;sos-accessoire.com;78;ELANCOURT;FRANCE  ;Commerce;;
RGPD;en ligne;interflora.fr;69;LYON;FRANCE  ;Commerce;;
RGPD;en ligne;medadom.com;75;PARIS;FRANCE  ;Santé ;;
RGPD;en ligne;www.geneanet.org;75;PARIS;FRANCE  ;Commerce;;
RGPD;en ligne;chassepassion.net;77;CHESSY;FRANCE  ;Commerce;;
RGPD;en ligne;tscfrance.com;68;FLAXLANDEN;FRANCE  ;Commerce;;
RGPD;en ligne;magasingrandtrain.sncf.com;92;BOULOGNE-BILLANCOURT;FRANCE  ;Commerce;;
RGPD;sur pièces;EXPERTSENDER;;GDANSK;POLOGNE;Commerce;;
RGPD;en ligne;LAKOOZ;75;PARIS;FRANCE  ;Commerce;;
RGPD;sur place;LAKOOZ;75;PARIS;FRANCE  ;Commerce;;
RGPD;en ligne;COSMOSPACE - TELEMAQUE;06;VALBONNE;FRANCE  ;Commerce;;
RGPD;sur place;COSMOSPACE - TELEMAQUE;06;VALBONNE;FRANCE  ;Commerce;;
RGPD;sur place;COSMOSPACE - TELEMAQUE;06;VALBONNE;FRANCE  ;Commerce;;
RGPD;sur place;VINCI IMMOBILIER PROMOTION;92;BOULOGNE-BILLANCOURT;FRANCE  ;Immobilier;;
RGPD;sur place;IBOO;44;NANTES;FRANCE  ;Commerce;;
RGPD;sur place;DOCAPOST;94;IVRY-SUR-SEINE;FRANCE  ;;;
RGPD;sur place;EMOTION'S AGENCY - SANIPASS SOLUTIONS;14;MONDREVILLE;FRANCE  ;Santé ;;
RGPD;en ligne;GENIUSWARE;75;PARIS;FRANCE  ;Nouvelles technologies;;
RGPD;sur place;TRANS'EXPRESS SERVICES;74;ANNECY;FRANCE  ;Travail;;
RGPD;sur place;COMMUNE  DE CHAMBÉRY;73;CHAMBERY;FRANCE  ;Collectivités territoriales;;
RGPD;en ligne;FRANCE EDL;75;PARIS;FRANCE  ;Environnement;;
RGPD;sur pièces;COMMUNE D'ORLÉANS;45;ORLÉANS;FRANCE  ;Collectivités territoriales;;

