"Catégorie
 de contrôle";Organismes contrôlés;Modalités de contrôle;Dépt.;Ville;Pays;"Activité
 de l'organisme";
RGPD;UNIVERSITÉ DE LILLE;sur place;59;LILLE;FRANCE;Éducation;
RGPD;MINISTÈRE DE L'INTÉRIEUR ET DES OUTRE-MERS ;sur pièces;75;PARIS;FRANCE;Régalien;
RGPD;MINISTÈRE DE L'INTÉRIEUR ET DES OUTRE-MERS ;sur pièces;75;PARIS;FRANCE;Régalien;
RGPD;D-CODES ;sur place;92;NEUILLY-SUR-SEINE;FRANCE;Activités politiques;
RGPD;D-CODES ;sur pièces;92;NEUILLY-SUR-SEINE;FRANCE;Activités politiques;
RGPD;ON AIR;sur place;77;LIEUSAINT;FRANCE;Sport;
RGPD;FONDATION  POUR LA NATURE ET L'HOMME;sur place;92;BOULOGNE-BILLANCOURT;FRANCE;Associatif;
RGPD;SCION DATA AGENCY;sur audition;92;NEUILLY-SUR-SEINE;FRANCE;Commerce;
RGPD;"SIGNATURE INT 
";sur place;75;PARIS;FRANCE;Commerce;
RGPD;"SIGNATURE INT
";sur audition;75;PARIS;FRANCE;Commerce;
RGPD;IBOO;sur audition;44;NANTES;FRANCE;Commerce;
RGPD;GENIUSWARE;sur pièces;78;MONTESSON;FRANCE;Commerce;
RGPD;GENIUSWARE;sur audition;78;MONTESSON;FRANCE;Commerce;
RGPD;DISTRIX;en ligne;32;TOULOUSE;FRANCE;Commerce;
RGPD;DISTRIX;sur pièces;31;TOULOUSE;FRANCE;Commerce;
RGPD;FRANCE EDL;en ligne;69;LYON;FRANCE;Immobilier;
RGPD;FRANCE EDL;en ligne;69;LYON;FRANCE;Immobilier;
RGPD;BOUYGUES TELECOM;sur pièces;75;PARIS;FRANCE;Télécommunications;
RGPD;BOUYGUES TELECOM;en ligne;75;PARIS;FRANCE;Télécommunications;
RGPD;BOUYGUES TELECOM;sur audition;75;PARIS;FRANCE;Télécommunications;
RGPD;ASSISTANCE PUBLIQUE - HOPITAUX DE PARIS;sur place;75;PARIS;FRANCE;Santé ;
RGPD;CAISSE NATIONALE D'ALLOCATIONS FAMILIALES;sur pièces;75;PARIS;FRANCE;Social;
RGPD;FONDATION DE COOPÉRATION SCIENTIFIQUE ;sur pièces;67;STRASBOURG;FRANCE;Santé ;
RGPD;FONDATION MÉDITERRANÉE INFECTION;sur pièces;13;MARSEILLE;FRANCE;Santé ;
RGPD;VENTE-UNIQUE.COM;en ligne;93;LE PRÉ SAINT-GERVAIS;FRANCE;Commerce;
RGPD;VENTE-UNIQUE.COM;sur audition;93;LE PRÉ SAINT-GERVAIS;FRANCE;Commerce;
RGPD;"FNAC DIRECT
 FNAC DARTY PARTICIPATIONS ET SERVICES";en ligne;75;PARIS;FRANCE;Commerce;
RGPD;"FNAC DIRECT
 FNAC DARTY PARTICIPATIONS ET SERVICES";sur place;94;IVRY-SUR-SEINE;FRANCE;Commerce;
RGPD;"FNAC DIRECT
FNAC DARTY PARTICIPATIONS ET SERVICES";sur place;94;IVRY-SUR-SEINE;FRANCE;Commerce;
RGPD;DIGITLABS;sur audition;92;BOULOGNE-BILLANCOURT;FRANCE;Commerce;
RGPD;PROMOTION PICHET;sur place;75;PARIS;FRANCE;Immobilier;
RGPD;GOOGLE LLC ;en ligne;;MONTAIN VIEW;ÉTATS-UNIS;Commerce;
RGPD;GOOGLE LLC ;sur pièces;;MONTAIN VIEW;ÉTATS-UNIS;Commerce;
RGPD;ATLASFORMEN;en ligne;75;PARIS;FRANCE;Commerce;
RGPD;ATLASFORMEN;sur audition;75;PARIS;FRANCE;Commerce;
RGPD;PARTICULIER;en ligne;63;ÉGLISENEUVE-PRÈS-BILLOM;FRANCE;Particulier;
RGPD;ELYZE;en ligne;75;PARIS;FRANCE;Activités politiques;
RGPD;ELYZE;sur pièces;75;PARIS;FRANCE;Activités politiques;
RGPD;ONEPLUS;en ligne;;SHENZEN ;CHINE;Télécommunications;
RGPD;ONEPLUS TECHNOLOGY CO;sur pièces;;SHENZEN ;CHINE;Télécommunications;
RGPD;OPLUS MOBILETECH UK LIMITED;sur pièces;;LONDRES;ROYAUME-UNI;Commerce;
RGPD;COMMUNE DE VERNOUILLET;sur place;78;VERNOUILLET;FRANCE;Collectivités territoriales;
RGPD;COMMUNE DE VERNEUIL-SUR-SEINE;sur place;78;VERNEUIL-SUR-SEINE;FRANCE;Collectivités territoriales;
RGPD;RAKUTEN;en ligne;75;PARIS;FRANCE;Commerce;
RGPD;RAKUTEN;sur place;75;PARIS;FRANCE;Commerce;
RGPD;RAKUTEN;sur place;75;PARIS;FRANCE;Commerce;
RGPD;RAKUTEN;sur place;75;PARIS;FRANCE;Commerce;
RGPD;YOUNITED;en ligne;75;PARIS;FRANCE;Banque;
RGPD;YOUNITED;sur place;75;PARIS;FRANCE;Banque;
RGPD;ASSOCIATION REVAV;sur audition;93;NEUILLY PLAISANCE;FRANCE;Associatif;
RGPD;VO2 MEDICAL;sur audition;31;PINS-JUSTARET;FRANCE;Santé ;
RGPD;ASSOCIATION FRANÇAISE CONTRE LES MYOPATHIES;sur place;91;ÉVRY COURCOURONNES;FRANCE;Associatif;
RGPD;DIRECTION NATIONALE DU RENSEIGNEMENT ET DES ENQUÊTES DOUANIÈRES;sur place;94;IVRY-SUR-SEINE;FRANCE;Régalien;
RGPD;M2M ORGANISATION ;sur place;52;LANGRES;FRANCE;Commerce;
RGPD;M2M ORGANISATION ;sur place;52;CHAUMONT;FRANCE;Commerce;
RGPD;TRANSPORTS DISTRIBUTION LOGISTIQUE;en ligne;95;VILLERON;FRANCE;Transports;
RGPD;TRANSPORTS DISTRIBUTION LOGISTIQUE;sur audition;95;VILLERON;FRANCE;Transports;
RGPD;TEMPLIERS SECURITE;sur place;75;PARIS;FRANCE;Travail;
RGPD;RECUP'39;sur place;39;SAINT-CLAUDE;FRANCE;Commerce;
RGPD;AFFINIS;sur place;75;PARIS;FRANCE;Commerce;
RGPD;ESL ET NETWORK HOLDING SA;sur place;75;PARIS;FRANCE;Commerce;
RGPD;"MINISTÈRE DE L'INTÉRIEUR ET DES OUTRE-MERS 
";sur audition;75;PARIS;FRANCE;Régalien;
RGPD;MINISTÈRE DE LA JUSTICE;sur audition;75;PARIS;FRANCE;Régalien;
RGPD;MINISTÈRE DE LA JUSTICE;sur pièces;20;BASTIA;FRANCE;Régalien;
RGPD;MINISTÈRE DE LA JUSTICE;sur pièces;97;MAMOUDZOU;FRANCE;Régalien;
RGPD;MINISTÈRE DE LA JUSTICE;sur pièces;93;BOBIGNY;FRANCE;Régalien;
RGPD;MINISTÈRE DE LA JUSTICE;sur pièces;92;NANTERRE;FRANCE;Régalien;
RGPD;MINISTÈRE DE LA JUSTICE;sur pièces;31;SAINT-GAUDENS;FRANCE;Régalien;
RGPD;COMMUNE DE MAINCY;sur place;77;MAINCY;FRANCE;Collectivités territoriales;
RGPD;INSTITUT NATIONAL DE LA STATISTIQUE ET DES ÉTUDES ÉCONOMIQUES;sur place;92;MONTROUGE;FRANCE;Statistiques et enquêtes publiques ;
RGPD;MINISTÈRE DE L’ÉDUCATION NATIONALE, DE LA JEUNESSE ET DES SPORTS;sur pièces;75;PARIS;FRANCE;Régalien;
RGPD;MINISTÈRE DE LA CULTURE;sur pièces;75;PARIS;FRANCE;Régalien;
RGPD;MINISTÈRE DE LA TRANSITION ÉCOLOGIQUE;sur pièces;75;PARIS;FRANCE;Régalien;
RGPD;MINISTÈRE DU TRAVAIL, DE L’EMPLOI ET DE L’INSERTION;sur pièces;75;PARIS;FRANCE;Régalien;
RGPD;MINISTÈRE DE L'EUROPE ET DES AFFAIRES ÉTRANGÈRES ;sur pièces;75;PARIS;FRANCE;Régalien;
RGPD;AGAPHONE SAS;sur place;14;CABOURG;FRANCE;Commerce;
RGPD;OGEC LA JOLIVERIE;sur place;44;SAINT-SEBASTIEN-SUR-LOIRE ;FRANCE;Éducation;
RGPD;LHA DEVELOPPEMENT;sur place;71;SAINT-MARCEL;FRANCE;Commerce;
RGPD;PLURIMEDIA;sur place;67;SCHILTIGHEIM;FRANCE;Presse;
RGPD;DE PARTICULIER À PARTICULIER;en ligne;75;PARIS;FRANCE;Immobilier;
RGPD;DE PARTICULIER À PARTICULIER;sur place;75;PARIS;FRANCE;Immobilier;
RGPD;FOYER DE CACHAN;sur place;94;CACHAN;FRANCE;Associatif;
RGPD;"BASIC FIT II
 BASIC FIT France";sur place;59;VILLENEUVE D'ASCQ;FRANCE;Sport;
RGPD;BASIC FIT II  ;sur place;87;LIMOGES;FRANCE;Sport;
RGPD;BASIC FIT II ;sur place;87;LIMOGES;FRANCE;Sport;
RGPD;SNCF CONNECT;en ligne;75;PARIS;FRANCE;Transports;
RGPD;SNCF CONNECT;en ligne;75;PARIS;FRANCE;Transports;
RGPD;SNCF CONNECT;sur place;92;NANTES;FRANCE;Transports;
RGPD;SNCF CONNECT;sur place;92;NANTES;FRANCE;Transports;
RGPD;RELÈVE SERVICE PLUS;sur place;78;MONTIGNY-LE-BRETONNEUX ;FRANCE;Commerce;
RGPD;CAISSE NATIONALE DE L'ASSURANCE MALADIE;sur place;75;PARIS;FRANCE;Santé ;
RGPD;LES TULIPIERS;sur place;31;COLOMIERS;FRANCE;Immobilier;
RGPD;LES TULIPIERS;sur pièces;31;COLOMIERS;FRANCE;Immobilier;
RGPD;ADIC;sur place;30;UZÈS;FRANCE;Commerce;
RGPD;LINKEDIN ;en ligne;75;PARIS;FRANCE;Commerce;
RGPD;LINKEDIN ;sur place;75;PARIS;FRANCE;Commerce;
RGPD;LINKEDIN ;en ligne;75;PARIS;FRANCE;Commerce;
RGPD;AXA FRANCE IARD;sur pièces;75;PARIS;FRANCE;Assurance;
RGPD;CALOGA;sur place;92;MALAKOFF;FRANCE;Commerce;
RGPD;CALOGA;sur place;92;MALAKOFF;FRANCE;Commerce;
RGPD;COZY CLOUD;en ligne;92;SURESNES;FRANCE;Commerce;
RGPD;COZY CLOUD;sur audition;92;SURESNES;FRANCE;Commerce;
RGPD;TAGADAMEDIA;en ligne;75;PARIS;FRANCE;Commerce;
RGPD;TAGADAMEDIA;sur place;75;PARIS;FRANCE;Commerce;
RGPD;TAGADAMEDIA;sur place;75;PARIS;FRANCE;Commerce;
RGPD;CARREVOLUTIS;en ligne;75;PARIS;FRANCE;Commerce;
RGPD;CARREVOLUTIS;sur place;75;PARIS;FRANCE;Commerce;
RGPD;CARTÉGIE;sur place;33;BRUGES;FRANCE;Commerce;
RGPD;CARTÉGIE;sur place;33;BRUGES;FRANCE;Commerce;
RGPD;LIPSKY MEDIA;sur audition;92;NEUILLY-SUR-SEINE;FRANCE;Commerce;
RGPD;"ASSOCIATION DIOCÉSAINE DE NICE
ÉGLISE SAINT PIERRE D'ARÈNE";sur place;06;NICE;FRANCE;Associatif;
RGPD;GAMELOFT;en ligne;75;PARIS;FRANCE;Jeux;
RGPD;GAMELOFT;sur place;75;PARIS;FRANCE;Jeux;
RGPD;GAMELOFT;en ligne;75;PARIS;FRANCE;Jeux;
RGPD;IPECA PREVOYANCE;sur place;75;PARIS;FRANCE;Santé ;
RGPD;"CENTRE HOSPITALIER RÉGIONAL DE MARSEILLE
 (ASSISTANCE PUBLIQUE - HOPITAUX MARSEILLE)";sur place;13;MARSEILLE;FRANCE;Santé ;
RGPD;"CENTRE HOSPITALIER RÉGIONAL DE MARSEILLE
 (ASSISTANCE PUBLIQUE - HOPITAUX MARSEILLE)";sur place;13;MARSEILLE;FRANCE;Santé ;
RGPD;MEDI-SERVICES;sur place;95;FRANCONVILLE;FRANCE;Santé ;
RGPD;"FACEBOOK
 (META PLATFORMS IRELAND LIMITED)";en ligne;;DUBLIN;IRELAND;Commerce;
RGPD;RECONQUÊTE!;sur audition;75;PARIS;FRANCE;Activités politiques;
RGPD;RECONQUÊTE!;sur audition;75;PARIS;FRANCE;Activités politiques;
RGPD;RECONQUÊTE!;sur audition;76;PARIS;FRANCE;Activités politiques;
RGPD;MAUD DERMO ESTHETIC AIX;sur place;13;AIX-EN-PROVENCE;FRANCE;Commerce;
RGPD;PHARMACIE BODART;sur place;59;LILLE;FRANCE;Santé ;
RGPD;GPF CLAEYS;sur place;59;LILLE;FRANCE;Commerce;
RGPD;GRANDE PHARMACIE DE WAZEMMES;sur place;60;LILLE;FRANCE;Santé ;
RGPD;REWORLD MEDIA;sur place;92;BOULOGNE-BILLANCOURT;FRANCE;Commerce;
RGPD;REWORLD MEDIA;sur place;92;BOULOGNE-BILLANCOURT;FRANCE;Commerce;
RGPD;APLIM;sur place;73;SAINT-JEOIRE-PRIEURÉ;FRANCE;Commerce;
RGPD;VIDEO PLUS;sur place;92;COURBEVOIE;FRANCE;Commerce;
RGPD;TWITCH INTERACTIVE;sur pièces;75;PARIS;FRANCE;Jeux;
RGPD;CRÉDIT LYONNAIS;sur pièces;75;PARIS;FRANCE;Banque;
RGPD;LAONDIS;sur place;02;CHAMBRY;FRANCE;Commerce;
RGPD;LAONDIS;en ligne;02;CHAMBRY;FRANCE;Commerce;
RGPD;FRET VITE;sur place;38;NOYAREY;FRANCE;Transports;
RGPD;BANQUE COURTOIS;sur place;31;TOULOUSE;FRANCE;Banque;
RGPD;BRODERIE DE LOMAGNE;sur place;33;AMBÈS;FRANCE;Commerce;
RGPD;ECONOCOM FRANCE;sur place;92;PUTEAUX;FRANCE;Commerce;
RGPD;IDCAPT;sur place;84;AVIGNON;FRANCE;Commerce;
RGPD;SUEZ EAU FRANCE;sur pièces;75;PARIS;FRANCE;Commerce;
RGPD;TELEPERFORMANCE;sur audition;75;PARIS;FRANCE;Commerce;
RGPD;TELEPERFORMANCE;sur place;75;PARIS;FRANCE;Commerce;
RGPD;TELEPERFORMANCE;sur place;75;PARIS;FRANCE;Commerce;
RGPD;SOCREDIT;en ligne;93;TREMBLAY-EN-FRANCE;FRANCE;Banque;
RGPD;SOCREDIT;sur place;93;TREMBLAY-EN-FRANCE;FRANCE;Banque;
RGPD;MEDIA SPECK;sur audition;95;SARCELLES;FRANCE;Commerce;
RGPD;ACCOMPAGNIA'DOM;sur place;06;NICE;FRANCE;Social;
RGPD;"AD SENIORS CENTRALE
ADSHNICE";sur place;06;NICE;FRANCE;Social;
RGPD;LE HUFFINGTON POST;en ligne;75;PARIS;FRANCE;Presse;
RGPD;LE HUFFINGTON POST;en ligne;75;PARIS;FRANCE;Presse;
RGPD;COMMUNE DE CHÂTEAUDUN;sur place;28;CHÂTEAUDUN;FRANCE;Collectivités territoriales;
RGPD;TWELVE APP;sur pièces;75;PARIS;FRANCE;Télécommunications;
RGPD;WEWARD;en ligne;75;PARIS;FRANCE;Commerce;
RGPD;WEWARD;sur audition;75;PARIS;FRANCE;Commerce;
RGPD;PARTI SOCIALISTE;en ligne;94;IVRY-SUR-SEINE;FRANCE;Activités politiques;
RGPD;FÉDÉRATION DE PARIS DU PARTI SOCIALISTE;en ligne;75;PARIS;FRANCE;Activités politiques;
RGPD;COMMUNE DE SAINT-AVOLD;sur pièces;57;SAINT-AVOLD;FRANCE;Collectivités territoriales;
RGPD;HOPPS GROUP;sur place;13;AIX-EN-PROVENCE;FRANCE;Commerce;
RGPD;HOPPS GROUP;sur place;13;AIX-EN-PROVENCE;FRANCE;Commerce;
RGPD;TIKTOK;en ligne;75;PARIS;FRANCE;Télécommunications;
RGPD;FINTECTURE;en ligne;94;SAINT-MANDÉ;FRANCE;Banque;
RGPD;FINTECTURE;sur pièces;94;SAINT-MANDÉ;FRANCE;Banque;
RGPD;OFFISANTÉ;sur place;75;PARIS;FRANCE;Santé ;
RGPD;UNIBAIL - RODAMCO - WESTFIELD;sur place;75;PARIS;FRANCE;Commerce;
RGPD;INSTITUT NATIONAL DE LA SANTÉ ET DE LA RECHERCHE MÉDICALE;sur place;75;PARIS;FRANCE;Santé ;
RGPD;"DOW JONES & COMPANY, INC.
(FACTIVA LIMITED)";sur pièces;;LONDRES;ROYAUME-UNI;Commerce;
RGPD;DIGITAL MEDICAL SUPPLY FRANCE;en ligne;75;PARIS;FRANCE;Santé ;
RGPD;DIGITAL MEDICAL SUPPLY FRANCE;sur pièces;75;PARIS;FRANCE;Santé ;
RGPD;KASPR;sur audition;75;PARIS;FRANCE;Commerce;
RGPD;NEWLAND;en ligne;78;LE VESINET;FRANCE;Commerce;
RGPD;CITYA IMMOBILIER;en ligne;37;TOURS;FRANCE;Immobilier;
RGPD;CITYA IMMOBILIER;sur place;37;TOURS;FRANCE;Immobilier;
RGPD;COTE ENERGY;en ligne;93;AUBERVILLIERS;FRANCE;Énergie;
RGPD;COTE ENERGY;sur audition;93;AUBERVILLIERS;FRANCE;Énergie;
RGPD;AWIN SAS;sur place;75;PARIS;FRANCE;Commerce;
RGPD;EXOLIS;sur place;13;MARSEILLE;FRANCE;Santé ;
RGPD;LGHA AUTO;en ligne;92;NEUILLY-SUR-SEINE;FRANCE;Commerce;
RGPD;LGHA AUTO;sur place;92;NEUILLY-SUR-SEINE;FRANCE;Commerce;
RGPD;WEBRIVAGE;sur place;13;ROUSSET;FRANCE;Commerce;
RGPD;WEBRIVAGE;sur place;13;ROUSSET;FRANCE;Commerce;
RGPD;CONSORTIUM IMMOBILIER;sur place;34;MONTPELLIER;FRANCE;Immobilier;
RGPD;VOODOO;en ligne;75;PARIS;FRANCE;Jeux;
RGPD;COMMUNE DE MONTPON - MÉNÉSTEROL;sur place;24;MONTPON-MÉNÉSTEROL;FRANCE;Collectivités territoriales;
RGPD;WIFIRST;en ligne;75;PARIS;FRANCE;Télécommunications;
RGPD;WIFIRST;sur pièces;75;PARIS;FRANCE;Télécommunications;
RGPD;WTMH;en ligne;75;PARIS;FRANCE;Commerce;
RGPD;WTMH;sur audition;75;PARIS;FRANCE;Commerce;
RGPD;BGD;sur place;30;NÎMES;FRANCE;Banque;
RGPD;HUBSTAFF;sur pièces;;FISHERS;ÉTATS-UNIS;Commerce;
RGPD;CLEVER CONTROL;sur pièces;;MIAMI;ÉTATS-UNIS;Commerce;
RGPD;CLEVER CONTROL;en ligne;;MIAMI;ÉTATS-UNIS;Commerce;
RGPD;TIME DOCTOR;sur pièces;;LAS VEGAS;ÉTATS-UNIS;Commerce;
RGPD;FRANCE COMPÉTENCES;sur place;92;COURBEVOIE;FRANCE;Éducation;
RGPD;FRANCE COMPÉTENCES;sur pièces;92;COURBEVOIE;FRANCE;Éducation;
RGPD; DIRECTION GÉNÉRALE DES DOUANES ET DES DROITS INDIRECTS ;sur place;44;NANTES;FRANCE;Régalien;
RGPD;SAS SMART LOBBYING ;sur audition;27;LERY;FRANCE;Activités politiques;
RGPD;FYM;sur place;84;SAINT-SATURNIN-LÈS-AVIGNON ;FRANCE;Commerce;
RGPD;M GASTRONOMIE;sur place;34;MONTPELLIER;FRANCE;Commerce;
RGPD;ASSOCIATION ENTRAIDE;sur place;13;MARSEILLE;FRANCE;Associatif;
RGPD;MINISTÈRE DE LA JUSTICE ;sur audition;75;PARIS;FRANCE;Régalien;
RGPD;MINISTÈRE DE LA JUSTICE;sur place;75;PARIS;FRANCE;Régalien;
RGPD;MINISTÈRE DE LA JUSTICE;sur place;75;PARIS;FRANCE;Régalien;
RGPD;SOLOCAL;sur place;92;BOULOGNE-BILLANCOURT;FRANCE;Commerce;
RGPD;SOLOCAL;sur place;92;BOULOGNE-BILLANCOURT;FRANCE;Commerce;
RGPD;BOUCHERIE DU BALTARD;sur place;94;NOGENT-SUR-MARNE;FRANCE;Commerce;
RGPD;IMMOBILIÈRE EUROPE SÈVRES;sur place;75;PARIS;FRANCE;Immobilier;
RGPD;GMF ASSURANCES;sur place;92;LEVALLOIS-PERRET;FRANCE;Assurance;
RGPD;GMF ASSURANCES;sur place;75;PARIS;FRANCE;Assurance;
RGPD;COMMUNE DE CHARVIEU-CHAVAGNEU;sur place;38;CHARVIEU-CHAVAGNEU;FRANCE;Collectivités territoriales;
RGPD;ECHO ANALYTICS;sur place;75;PARIS;FRANCE;Commerce;
RGPD;ECHO ANALYTICS;sur place;75;PARIS;FRANCE;Commerce;
RGPD;PRESTALEADS;sur place;35;RENNES;FRANCE;Commerce;
RGPD;PRESTALEADS;sur audition;35;RENNES;FRANCE;Commerce;
RGPD;BAYER HEALTHCARE SAS;sur place;59;LOOS;FRANCE;Santé ;
RGPD;"PHENIX SECURITE SARL
";sur place;68;MULHOUSE;FRANCE;Travail;
RGPD;LEROY MERLIN GSB;sur place;59;LEZENNES;FRANCE;Commerce;
RGPD;"MINISTÈRE DES SOLIDARITES ET DE LA SANTE
MINISTÈRE DE L'INTÉRIEUR ET DES OUTRE-MERS ";sur pièces;75;PARIS;FRANCE;Santé ;
RGPD;LA POSTE;en ligne;75;PARIS;FRANCE;Commerce;
RGPD;LA POSTE;sur place;75;PARIS;FRANCE;Commerce;
RGPD;LA POSTE;sur place;75;PARIS;FRANCE;Commerce;
RGPD;COMMUNE D'ORLÉANS;sur place;45;ORLÉANS;FRANCE;Collectivités territoriales;
RGPD;GIE CENTRE COMMERCIAL LONGCHAMPS ;sur place;35;RENNES;FRANCE;Commerce;
RGPD;DÉPARTEMENT DU NORD;sur audition;59;LILLE;FRANCE;Collectivités territoriales;
RGPD;SOCULTUR ;en ligne;33;MÉRIGNAC;FRANCE;Commerce;
RGPD;SOCULTUR  ;sur place;33;MÉRIGNAC;FRANCE;Commerce;
RGPD;SOCULTUR  ;sur place;33;MÉRIGNAC;FRANCE;Commerce;
RGPD;SOCULTUR  ;en ligne;33;MÉRIGNAC;FRANCE;Commerce;
RGPD;DIGITAL SQUAD;en ligne;69;LYON;FRANCE;Commerce;
RGPD;DIGITAL SQUAD;sur place;69;LYON;FRANCE;Commerce;
RGPD;DIGITAL SQUAD;sur place;69;LYON;FRANCE;Commerce;
RGPD;THOM;en ligne;75;PARIS;FRANCE;Commerce;
RGPD;THOM;sur place;75;PARIS;FRANCE;Commerce;
RGPD;MISTER AUTO;en ligne;69;VILLEURBANNE;FRANCE;Commerce;
RGPD;MISTER AUTO;sur place;69;VILLEURBANNE;FRANCE;Commerce;
RGPD;MICROSOFT IRELAND OPERATIONS LIMITED;en ligne;;DUBLIN;IRELAND;Commerce;
RGPD;MICROSOFT IRELAND OPERATIONS LIMITED;sur place;92;ISSY-LES-MOULINEAUX;FRANCE;Commerce;
RGPD;PIGMA;sur place;33;POMPIGNAC;FRANCE;Commerce;
RGPD;lifeclubapp.fr;en ligne;13;MARSEILLE;FRANCE;Sport;
RGPD;LA POSTE ;sur place;62;CALAIS;FRANCE;Commerce;
RGPD;GROUPE BLACK TIGER;sur audition;75;PARIS;FRANCE;Commerce;
RGPD;OPENDOO;en ligne;34;SAINT-GELY-DU-FESC;FRANCE;Commerce;
RGPD;OPENDOO;sur audition;34;SAINT-GELY-DU-FESC;FRANCE;Commerce;
RGPD;ARKÉA DIRECT BANK;sur place;92;PUTEAUX;FRANCE;Banque;
RGPD;AXA BANQUE;sur place;94;FONTENAY-SOUS-BOIS;FRANCE;Banque;
RGPD;BOURSORAMA BANQUE;sur place;92;BOULOGNE-BILLANCOURT;FRANCE;Banque;
RGPD;BNP PARIBAS;sur place;75;PARIS;FRANCE;Banque;
RGPD;CASH FLOW POSITIF;sur place;75;PARIS;FRANCE;Commerce;
RGPD;CASH FLOW POSITIF;sur place;75;PARIS;FRANCE;Commerce;
RGPD;UNIVERSITÉ D'ÉVRY VAL D'ESSONNE;sur audition;91;ÉVRY COURCOURONNES;FRANCE;Éducation;
RGPD;NORDCALL;sur place;59;MARCQ-EN-BAROEUIL;FRANCE;Commerce;
RGPD;GROUPE LEXIMPACT;en ligne;69;LYON;FRANCE;Immobilier;
RGPD;GROUPE LEXIMPACT;sur place;69;LYON;FRANCE;Immobilier;
RGPD;AUCHAN SUPERMARCHÉ;sur place;78;CONFLANS SAINTE HONORINE;FRANCE;Commerce;
RGPD;PATISSERIE E.LADURÉE;sur place;75;PARIS;FRANCE;Commerce;
RGPD;INETUM;sur place;93;SAINT-OUEN-SUR-SEINE;FRANCE;Commerce;
RGPD;"
GIP INNOVATION E-SANTÉ SUD
";sur place;83;HYÈRES;FRANCE;Santé ;
RGPD;LA BANQUE POSTALE;en ligne;75;PARIS;FRANCE;Banque;
RGPD;GROUPE CIC;en ligne;75;PARIS;FRANCE;Banque;
RGPD;BANQUE FRANÇAISE MUTUALISTE;en ligne;75;PARIS;FRANCE;Banque;
RGPD;GOOGLE IRELAND LIMITED;en ligne;;MONTAIN VIEW;ÉTATS-UNIS;Commerce;
RGPD;GOOGLE IRELAND LIMITED;sur place;75;PARIS;FRANCE;Commerce;
RGPD;GOOGLE IRELAND LIMITED;sur place;75;PARIS;FRANCE;Commerce;
RGPD;ASSOCIATION RÊVES PARTAGÉS;en ligne;78;MUREAUX;FRANCE;Associatif;
RGPD;ASSOCIATION RÊVES PARTAGÉS;sur pièces;78;MORAINVILLIERS;FRANCE;Associatif;
RGPD;YACARTER ;en ligne;94;THIAIS;FRANCE;Commerce;
RGPD;YACARTER;sur place;59;VILLENEUVE D'ASCQ;FRANCE;Commerce;
RGPD;ROUGE BORDEAUX;sur place;33;BORDEAUX;FRANCE;Commerce;
RGPD;leboncoin.fr;en ligne;75;PARIS;FRANCE;Commerce;
RGPD;francetvinfo.fr;en ligne;75;PARIS;FRANCE;Culture;
RGPD;sfr.fr;en ligne;75;PARIS;FRANCE;Télécommunications;
RGPD; boulanger.com;en ligne;59;LESQUIN;FRANCE;Commerce;
RGPD;free.fr;en ligne;75;PARIS;FRANCE;Télécommunications;
RGPD;veepee.fr;en ligne;93;SAINT-DENIS;FRANCE;Commerce;
RGPD;bouyguestelecom.fr;en ligne;75;PARIS;FRANCE;Télécommunications;
RGPD; auchan.fr;en ligne;59;VILLENEUVE D'ASCQ;FRANCE;Commerce;
RGPD; pole-emploi.fr;en ligne;75;PARIS;FRANCE;Travail;
RGPD; showroomprive.com;en ligne;93;SAINT-DENIS;FRANCE;Commerce;
RGPD; mondialrelay.fr;en ligne;59;VILLENEUVE D'ASCQ;FRANCE;Commerce;
RGPD; intermarche.com;en ligne;75;PARIS;FRANCE;Commerce;
RGPD;chronopost.fr;en ligne;75;PARIS;FRANCE;Commerce;
RGPD; hitek.fr;en ligne;75;PARIS;FRANCE;Commerce;
RGPD;medisite.fr;en ligne;75;PARIS;FRANCE;Santé ;
RGPD;largus.fr;en ligne;75;PARIS;FRANCE;Commerce;
RGPD;lacentrale.fr;en ligne;75;PARIS;FRANCE;Commerce;
RGPD;paruvendu.fr;en ligne;69;LYON;FRANCE;Commerce;
RGPD;deliveroo.fr;en ligne;75;PARIS;FRANCE;Commerce;
RGPD;sosh.fr;en ligne;92; ISSY-LES-MOULINEAUX;FRANCE;Télécommunications;
RGPD;relaiscolis.com;en ligne;94;CRÉTEIL;FRANCE;Commerce;
RGPD;data.gouv.fr;en ligne;75;PARIS;FRANCE;Régalien;
RGPD;lassuranceretraite.fr;en ligne;75;PARIS;FRANCE;Assurance;
RGPD;macif.fr;en ligne;79;NIORT;FRANCE;Assurance;
RGPD;norauto.fr;en ligne;59;VILLENEUVE D'ASCQ;FRANCE;Commerce;
RGPD;ovh.com;en ligne;59;ROUBAIX;FRANCE;Commerce;
RGPD;laposte.fr/digiposte;en ligne;75;PARIS;FRANCE;Commerce;
RGPD;lagranderecre.fr;en ligne;75;PARIS;FRANCE;Commerce;
RGPD;mgen.fr;en ligne;75;PARIS;FRANCE;Assurance;
RGPD;gammvert.fr;en ligne;75;PARIS;FRANCE;Commerce;
RGPD;monoprix.fr;en ligne;92;CLICHY;FRANCE;Commerce;
RGPD;ubisoft.com;en ligne;94;SAINT-MANDÉ;FRANCE;Jeux;
RGPD;autoplus.fr;en ligne;92;BAGNEUX;FRANCE;Commerce;
RGPD;fr.ulule.com;en ligne;75;PARIS;FRANCE;Commerce;
RGPD;salto.fr;en ligne;92;BOULOGNE-BILLANCOURT;FRANCE;Culture;
RGPD;meilleursagents.com;en ligne;75;PARIS;FRANCE;Immobilier;
RGPD;matmut.fr;en ligne;76;ROUEN;FRANCE;Assurance;
RGPD;antai.gouv.fr;en ligne;35;RENNES;FRANCE;Régalien;
RGPD;geev.com;en ligne;33;BORDEAUX;FRANCE;Commerce;
RGPD;interencheres.com;en ligne;75;PARIS;FRANCE;Commerce;
RGPD;gensdeconfiance.fr;en ligne;44;NANTES;FRANCE;Commerce;
RGPD;compte-nickel.fr;en ligne;94;CHARENTON-LE-PONT;FRANCE;Banque;
RGPD;secu-independants.fr;en ligne;93;MONTREUIL;FRANCE;Santé ;
RGPD;"justice.gouv.fr
justice.fr";en ligne;75;PARIS;FRANCE;Régalien;
RGPD;etalab.gouv.fr;en ligne;75;PARIS;FRANCE;Régalien;
RGPD;se-unsa.org;en ligne;75;PARIS;FRANCE;Social;
RGPD;snes.edu;en ligne;75;PARIS;FRANCE;Social;
RGPD;ligue-cancer.net;en ligne;75;PARIS;FRANCE;Santé ;
RGPD;cci.fr;en ligne;92;LEVALLOIS-PERRET;FRANCE;Régalien;
RGPD;france3-regions.francetvinfo.fr;en ligne;75;PARIS;FRANCE;Culture;
RGPD;retraitesdeletat.gouv.fr;en ligne;44;NANTES;FRANCE;Régalien;
RGPD;etudiant.gouv.fr;en ligne;92;VANVES;FRANCE;Éducation;
RGPD;certificat-air.gouv.fr;en ligne;75;PARIS;FRANCE;Régalien;
RGPD;fonctionpublique-chequesvacances.fr;en ligne;75;PARIS;FRANCE;Tourisme;
RGPD;sida-info-service.org;en ligne;93;MONTREUIL;FRANCE;Santé ;
RGPD;inrae.fr;en ligne;75;PARIS;FRANCE;Collectivités territoriales;
RGPD;pre-plainte-en-ligne.gouv.fr;en ligne;75;PARIS;FRANCE;Régalien;
RGPD;univ-paris8.fr;en ligne;93;SAINT-DENIS;FRANCE;Éducation;
RGPD;eureennormandie.fr;en ligne;27;ÉVREUX;FRANCE;Collectivités territoriales;
RGPD;entreprises.gouv.fr;en ligne;75;PARIS;FRANCE;Régalien;
RGPD;departement13.fr;en ligne;13;MARSEILLE;FRANCE;Collectivités territoriales;
RGPD;herault.fr;en ligne;34;MONTPELLIER;FRANCE;Collectivités territoriales;
RGPD;bourgognefranchecomte.fr;en ligne;25;BESANCON;FRANCE;Collectivités territoriales;
RGPD;ille-et-vilaine.fr;en ligne;35;RENNES;FRANCE;Collectivités territoriales;
RGPD;unsa.org;en ligne;93;BAGNOLET;FRANCE;Éducation;
RGPD;RETRAVAILLER DANS L'OUEST;sur place;44;NANTES;FRANCE;Travail;
RGPD;APERAM STAINLESS FRANCE;sur place;93;SAINT-DENIS;FRANCE;Commerce;
RGPD;CENTRE HOSPITALIER D'ALÈS-CÉVENNES;sur place;30;ALÈS;FRANCE;Santé ;
RGPD;MÉTROPOLE DE LYON ;sur place;69;LYON;FRANCE;Collectivités territoriales;
RGPD;PÉNÉLOPE L'AGENCE;sur place;75;PARIS;FRANCE;Commerce;
RGPD;GINEYS SAS;sur place;38;REVENTIN-VAUGRIS;FRANCE;Commerce;
RGPD;CAMAIEU INTERNATIONAL;sur pièces;59;ROUBAIX;FRANCE;Commerce;
RGPD;"IMMODIAGNOSCTIC.FR
";en ligne;13;MARSEILLE;FRANCE;Immobilier;
RGPD; IMMOBILIER.BIGPIGE.COM;en ligne;75;PARIS;FRANCE;Immobilier;
RGPD;MINISTÈRE DE L'INTÉRIEUR ET DES OUTRE-MERS ;sur pièces;75;PARIS;FRANCE;Régalien;
RGPD;FÉDÉRATION FRANÇAISE DE SAUVETAGE ET DE SECOURISME;sur pièces;75;PARIS;FRANCE;Régalien;
RGPD;FÉDÉRATION FRANÇAISE DE SAUVETAGE ET DE SECOURISME;en ligne;75;PARIS;FRANCE;Régalien;
RGPD;MINISTÈRE DE L'INTÉRIEUR ET DES OUTRE-MERS;en ligne;75;PARIS;FRANCE;Régalien;
