"Catégorie
de contrôle";"Modalité
de contrôle";Organismes;Dépt.;Ville;"Activité
de l'organisme"
RGPD;en ligne;CALL HYBRID;75;PARIS;Commerce
RGPD;sur audition;CALL HYBRID;75;PARIS;Commerce
RGPD;en ligne;BRICO PRIVE;31;L'UNION;Commerce
RGPD;en ligne;PEPPER DRINK ;35;VITRE;Commerce
RGPD;en ligne;PEPPER DRINK ;35;VITRE;Commerce
RGPD;sur audition;CONFEDERATION FRANÇAISE DEMOCRATIQUE DU TRAVAIL (CFDT);75;PARIS;Travail
RGPD;sur place;ACCOR;92;ISSY LES MOULINEAUX;Commerce
RGPD;en ligne;ACCOR;92;ISSY LES MOULINEAUX;Commerce
RGPD;en ligne;NESTOR;92;LEVALLOIS-PERRET;Commerce
RGPD;sur pièces;SFK GROUP;26;ROMANS SUR ISERE;Commerce
RGPD;sur place;CHU DE TOULOUSE;31;TOULOUSE;Santé 
RGPD;sur audition;OMNICOM PUBLIC RELATIONS GROUP;92;BOULOGNE-BILLANCOURT;Statistiques et enquêtes publiques 
RGPD;sur audition;CONFEDERATION FRANCAISE DES TRAVAILLEURS CHRETIENS;75;PARIS;Travail
RGPD;sur audition;CONFEDERATION GENERALE DU TRAVAIL FORCE OUVRIERE;75;PARIS;Travail
RGPD;sur place;CTS COMPUTERS AND TELECOMMUNICATION;93;MONTREUIL;Télécommunications
RGPD;en ligne;LES DERNIERS SERONT LES PREMIERS / VALORY INVESTISSEMENTS ;75;PARIS;Commerce
RGPD;sur place;CONSEIL SUPERIEUR DU NOTARIAT;75;PARIS;Régalien
RGPD;sur pièces;SEPHORA;92;NEUILLY SUR SEINE;Commerce
RGPD;sur place;STANLEY SECURITY FRANCE;13;VITROLLES;Régalien
RGPD;sur audition;WORKINGOO;75;PARIS;Travail
RGPD;sur place;FREE;75;PARIS;Télécommunications
RGPD;sur place;FREE;75;PARIS;Télécommunications
RGPD;sur audition;DIGITALEBOX;75;PARIS;Activités politiques
RGPD;sur place;SARL DILLARD;76;LE HAVRE;Commerce
RGPD;sur place; PHARMAGEST INTERACTIVE;54;VILLERS-LES-NANCY;Santé 
RGPD;en ligne;LES PREMIERS SERONT LES DERNIERS / VALORITY INVESTISSEMENT;75;PARIS;Commerce
RGPD;sur pièces;BONPORN / MUSTVIDEOS;59;ROUBAIX;Commerce
RGPD;sur pièces;MANGAS IO;59;ROUBAIX;Commerce
RGPD;sur pièces;BEBINOU;59;ROUBAIX;Santé 
RGPD;sur place;LOTOMATE;75;PARIS;Social
RGPD;sur pièces;WEWORK;75;PARIS;Travail
RGPD;sur pièces;PPBO;75;PARIS;Jeux
RGPD;en ligne;DEVOLA;75;PARIS;Commerce
RGPD;sur audition;DEVOLA;42;CALOIRE;Commerce
RGPD;sur pièces;DEVOLA;42;CALOIRE;Commerce
RGPD;sur pièces;CRITEO ;75;PARIS;Commerce
RGPD;sur place;CRITEO ;75;PARIS;Commerce
RGPD;en ligne;CRITEO ;75;PARIS;Commerce
RGPD;en ligne;IPLUSC ;75;PARIS;Travail
RGPD;en ligne;LE FIGARO;75;PARIS;Commerce
RGPD;en ligne;LE FIGARO;75;PARIS;Commerce
RGPD;en ligne;LE FIGARO;75;PARIS;Commerce
RGPD;en ligne;MYBESTPRO;75;PARIS;Commerce
RGPD;sur place;MYBESTPRO;75;PARIS;Commerce
RGPD;en ligne;TOUSFACTEURS;75;PARIS;Commerce
RGPD;sur audition;TOUSFACTEURS;75;PARIS;Commerce
RGPD;en ligne;EVALUERCHAUFFEUR.FR;75;PARIS;Transports
RGPD;en ligne;GETAROUND;75;PARIS;Commerce
RGPD;sur place;GETAROUND;75;PARIS;Commerce
RGPD;sur pièces;GETAROUND;75;PARIS;Commerce
RGPD;sur place;SOCIETE FRANCAISE DU RADIOTELEPHONE (SFR);75;PARIS;Télécommunications
RGPD;sur place;BOUYGUES TELECOM;75;PARIS;Télécommunications
RGPD;sur pièces;BOUYGUES TELECOM;75;PARIS;Télécommunications
RGPD;en ligne;CITIES-ZEN;75;PARIS;Activités politiques
RGPD;sur audition;CITIES-ZEN;75;PARIS;Activités politiques
RGPD;sur place;IMAGERIE NUCLEAIRE DE L'OUEST LYONNAIS ET DE L'AIN SCM INOL;69;LYON;Santé 
RGPD;sur place;ASSISTANCE PUBLIQUE-HOPITAUX DE PARIS;75;PARIS;Santé 
RGPD;sur place;VILLE DE VALENCIENNES;59;VALENCIENNES;Collectivités territoriales
RGPD;sur place;"MACSF ASSURANCES 
MACSF EPARGNE RETRAITE 
MASF FINANCEMENT  
MACSF PREVOYANCE";92;PUTEAUX;Santé 
RGPD;sur place;CEGEDIM;92;BOULOGNE-BILLANCOURT;Santé 
RGPD;sur pièces;PARIS HABITAT;75;PARIS;Immobilier
RGPD;sur pièces;LIBRES !;78;VELIZY- VILLACOUBLAY;Activités politiques
RGPD;sur place;POLE EMPLOI;75;PARIS;Social
RGPD;sur place;DOCTOLIB;92;LEVALLOIS-PERRET;Santé 
RGPD;sur place;BRUITPARIF;93;SAINT DENIS;Collectivités territoriales
RGPD;en ligne;LES PUBLICATIONS CONDE NAST;75;PARIS;Commerce
RGPD;sur audition;LES PUBLICATIONS CONDE NAST;75;PARIS;Commerce
RGPD;en ligne;WEBEDIA;75;PARIS;Commerce
RGPD;en ligne;WEBEDIA;75;PARIS;Commerce
RGPD;sur place;CM MARKETING TECHNOLOGY PARTNERS FRANCE;92;BOULOGNE-BILLANCOURT;Télécommunications
RGPD;sur place;OXYA FRANCE;92;ISSY LES MOULINEAUX;Télécommunications
RGPD;sur place;AMAZON ONLINE FRANCE SAS;92;CLICHY;Commerce
RGPD;sur place;TWELVE APP;75;PARIS;Télécommunications
RGPD;sur place;FWA;75;PARIS;Commerce
RGPD;en ligne;TIK TOK;;LONDRES;Télécommunications
RGPD;sur place;FWA;75;PARIS;Commerce
RGPD;sur place;SNCF;93;SAINT DENIS;Transports
RGPD;en ligne;TIK TOK;;LONDRES;Télécommunications
RGPD;sur pièces;TIK TOK;;LONDRES;Télécommunications
RGPD;sur place;LUNCHR;75;PARIS;Commerce
RGPD;sur place;LUNCHR;75;PARIS;Commerce
RGPD;sur pièces;MTARGET;31;LABEGE;Télécommunications
RGPD;en ligne;WEXUP SAS;13;AIX EN PROVENCE;Commerce
RGPD;sur pièces;WEXUP SAS;13;AIX EN PROVENCE;Commerce
RGPD;sur place;DIRECT ANNONCES;75;PARIS;Commerce
RGPD;sur place;COSMO CONNECTED;75;PARIS;Transports
RGPD;en ligne;MAIRIE DE CABRIES ;75;PARIS;Activités politiques
RGPD;en ligne;JEUXVIDEO.COM;92;LEVALLOIS-PERRET;Commerce
RGPD;en ligne;JEUXVIDEO.COM;92;LEVALLOIS-PERRET;Commerce
RGPD;en ligne;CDISCOUNT.FR;33;BORDEAUX;Commerce
RGPD;en ligne;CDISCOUNT.FR;33;BORDEAUX;Commerce
RGPD;en ligne;ASSESSFIRST;75;PARIS;Travail
RGPD;sur place;FC METZ;57;METZ;Sport
RGPD;sur place;TWO-I;57;METZ;Sport
RGPD;sur place;IPP IMPRIMEUR;77;NEMOURS;Social
RGPD;sur pièces;AUTOROUTES DU SUD DE LA FRANCE  (ASF);92;RUEIL MALMAISON;Transports
RGPD;sur pièces;AUTOROUTES DU SUD DE LA FRANCE  (ASF);92;RUEIL MALMAISON;Transports
RGPD;sur pièces;"AUTOROUTES DU SUD DE LA FRANCE  (ASF)
";92;RUEIL MALMAISON;Transports
RGPD;sur pièces;TADATA SAS;75;PARIS;Commerce
RGPD;sur place;LABORATOIRE NUXE;92;BOULOGNE BILLANCOURT;Commerce
RGPD;en ligne;GOOGLE;75;PARIS;Commerce
RGPD;sur pièces;"COMMISSARIAT DE CERGY PONTOISE
";95;CERGY PONTOISE;Régalien
RGPD;sur pièces;"GENDARMERIE DE HAUTE GARONNE
";31;TOULOUSE;Régalien
RGPD;sur pièces;PREFECTURE DE POLICE DE PARIS;75;PARIS;Régalien
RGPD;sur place;"PREFECTURE DE POLICE DE PARIS
";75;PARIS;Régalien
RGPD;sur pièces;MAIRIE D'ORLEANS;45;ORLEANS;Collectivités territoriales
RGPD;sur pièces;MAIRIE DE CHARLEVILLE-MEZIERES;08;CHARLEVILLE-MEZIERES;Collectivités territoriales
RGPD;sur pièces;MAIRIE D'ISTRES;13;ISTRES;Collectivités territoriales
RGPD;en ligne;CITYSCOOT;75;PARIS;Transports
RGPD;sur pièces;CITYSCOOT;75;PARIS;Transports
RGPD;en ligne;SLICKWRAPS;;WICHITA (USA);Commerce
RGPD;en ligne;SLICKWRAPS;;WICHITA (USA);Commerce
RGPD;sur pièces;MUTUELLE MALAKOFF HUMANIS;75;PARIS;Santé 
RGPD;sur pièces;DANONE;75;PARIS;Travail
RGPD;sur place;DANONE;93;SAINT OUEN SUR SEINE;Travail
RGPD;sur pièces;ASSOCIATION SOS EDUCATION;75;PARIS;Associatif
RGPD;sur place;ASSOCIATION SOS EDUCATION;75;PARIS;Associatif
RGPD;en ligne;SOLAB3D;75;PARIS;Santé 
RGPD;en ligne;FORSETI;75;PARIS;Commerce
RGPD;en ligne;FORSETI;75;PARIS;Commerce
RGPD;sur place;FORSETI;75;PARIS;Commerce
RGPD;en ligne;UBEEQO;92;BOULOGNE-BILLANCOURT;Transports
RGPD;sur pièces;UBEEQO;92;BOULOGNE-BILLANCOURT;Transports
RGPD;sur pièces;CAISSE NATIONALE DE L'ASSURANCE MALADIE;75;PARIS;Santé 
RGPD;sur audition;"CAISSE NATIONALE DE L'ASSURANCE MALADIE
";75;PARIS;Santé 
RGPD;sur place;"CAISSE PRIMAIRE D'ASSURANCE MALADIE DE SEINE - SAINT - DENIS
";93;BOBIGNY;Santé 
RGPD;sur place;"FONDATION HOPITAL SAINT JOSEPH
";75;PARIS;Santé 
RGPD;sur place;"  AGENCE REGIONALE DE SANTE - ILE DE FRANCE
 ";75;PARIS;Santé
RGPD;sur pièces;"CONSEIL NATIONAL DE L'ORDRE DES PHARMACIENS (CNOP)
";75;PARIS;Santé
RGPD;sur pièces;"CONSEIL NATIONAL DE L'ORDRE DES MEDECINS (CNOM)
";75;PARIS;Santé
RGPD;sur place;"AGENCE REGIONALE DE SANTE - GRAND EST
";54;NANCY;Santé 
RGPD;sur audition;"CAISSE NATIONALE 
DE L'ASSURANCE MALADIE";75;PARIS;Santé 
RGPD;en ligne;"CAISSE NATIONALE 
DE L'ASSURANCE MALADIE
";75;PARIS;Santé 
RGPD;sur place;"CAISSE PRIMAIRE DE 
DE L'ASSURANCE MALADIE DE LA CÔTE D'OR";21;DIJON;Santé 
RGPD;sur place;AGENCE REGIONALE DE SANTE - BOURGOGNE FRANCHE COMTE;21;DIJON;Santé 
RGPD;sur pièces;ASSISTANCE PUBLIQUE - HOPITAUX DE PARIS;75;PARIS;Santé 
RGPD;sur place;ASSISTANCE PUBLIQUE - HOPITAUX DE PARIS;75;PARIS;Santé 
RGPD;sur place;"HOPITAL BROUSSAIS
";75;PARIS;Santé 
RGPD;sur place;"LABORATOIRE EYLAU-NEUILLY
";92;NEUILLY-SUR-SEINE;Santé 
RGPD;sur place;"LABORATOIRE BPO-BIOEPINE
";92;ASNIERES-SUR-SEINE;Santé 
RGPD;sur place;"ASSISTANCE PUBLIQUE-HOPITAUX DE PARIS
";75;PARIS;Santé 
RGPD;en ligne;ERMINE;75;PARIS;Commerce
RGPD;en ligne;ERMINE;75;PARIS;Commerce
RGPD;sur pièces;EQUINOA;75;PARIS;Télécommunications
RGPD;en ligne;DOTT;75;PARIS;Transports
RGPD;sur pièces;DOTT;75;PARIS;Transports
RGPD;en ligne;SWILE;75;PARIS;Commerce
RGPD;sur pièces;SWILE;75;PARIS;Commerce
RGPD;en ligne;MINISTERE DES SOLIDARITES ET DE LA SANTE;75;PARIS;Santé 
RGPD;sur pièces;MINISTERE DES SOLIDARITES ET DE LA SANTE;75;PARIS;Santé 
RGPD;sur pièces;MINISTERE DES SOLIDARITES ET DE LA SANTE;75;PARIS;Santé 
RGPD;sur place;GOOGLE FRANCE;75;PARIS;Commerce
RGPD;en ligne;"
LA COMPAGNIE DES MOBILITES";37;TOURS;Transports
RGPD;sur pièces;"
LA COMPAGNIE DES MOBILITES";37;TOURS;Transports
RGPD;sur pièces;RATP;75;PARIS;Transports
RGPD;sur place;RATP;93;AUBERVILLIERS;Transports
RGPD;sur place;RATP;94;VITRY-SUR-SEINE;Transports
RGPD;sur place;RATP;93;NEUILLY-PLAISANCE;Transports
RGPD;en ligne;LES CINEMAS PATHE GAUMONT SERVICES;75;PARIS;Culture
RGPD;sur pièces;LES CINEMAS PATHE GAUMONT SERVICES;75;PARIS;Culture
RGPD;sur place;L'OREAL SA;92;CLICHY;Travail
RGPD;en ligne;FLUOW SAS ;75;PARIS;Transports
RGPD;sur pièces;FLUOW SAS ;75;PARIS;Transports
RGPD;sur pièces;"MINISTERE DE L'INTERIEUR
 
";75;PARIS;Régalien
RGPD;en ligne;MINISTERE DE L'INTERIEUR;75;PARIS;Régalien
RGPD;en ligne;MINISTERE DE L'INTERIEUR;75;PARIS;Régalien
RGPD;en ligne;TECHEM FRANCE;92;LE PLESSIS ROBINSON;Energie
RGPD;sur pièces;TECHEM FRANCE;92;LE PLESSIS ROBINSON;Energie
RGPD;sur pièces;SLIMPAY;75;PARIS;Commerce
RGPD;en ligne;SMOVENGO;92;PUTEAUX;Transports
RGPD;sur pièces;"SMOVENGO 
";92;PUTEAUX;Transports
RGPD;sur pièces;SMOVENGO;75;PARIS;Transports
RGPD;en ligne;OCEA SMART BUILDING;92;COURBEVOIE;Energie
RGPD;sur pièces;OCEA SMART BUILDING;92;COURBEVOIE;Energie
RGPD;en ligne;COMPTAGE IMMOBILIER SERVICES ISTA;91;MASSY;Commerce
RGPD;sur pièces;COMPTAGE IMMOBILIER SERVICES ISTA;91;MASSY;Commerce
RGPD;en ligne;COMUTO ;75;PARIS;Transports
RGPD;sur pièces;COMUTO ;75;PARIS;Transports
RGPD;en ligne;TOTAL DIRECT ENERGIE;75;PARIS;Energie
RGPD;sur pièces;TOTAL DIRECT ENERGIE;75;PARIS;Energie
RGPD;en ligne;AUDENTIA;78;VERSAILLES;Commerce
RGPD;en ligne;TRED CHARIOT;49;ANGERS;Commerce
RGPD;sur pièces;CLEARVIEW;;NEW YORK (USA);Commerce
RGPD;en ligne;LULU DANS MA RUE;75;PARIS;Commerce
RGPD;sur pièces;LULU DANS MA RUE;75;PARIS;Commerce
RGPD;en ligne;LIME;75;PARIS;Transports
RGPD;sur pièces;LIME;75;PARIS;Transports
RGPD;sur place;OFFICE FRANCAIS DE L'IMMIGRATION ET DE L'INTEGRATION;75;PARIS;Régalien
RGPD;sur audition;INFLUENCE MAKER;60;PRECY-SUR-OISE ;Activités politiques
RGPD;sur audition;SELFCONTACT;60;NOYON;Activités politiques
RGPD;en ligne;WEBEDIA;92;LEVALLOIS-PERRET;Commerce
RGPD;sur pièces;WEBEDIA;92;LEVALLOIS-PERRET;Commerce
RGPD;en ligne;DOCTISSIMO;75;PARIS;Santé 
RGPD;sur place;DOCTISSIMO;75;PARIS;Santé 
RGPD;en ligne;DOCTISSIMO;75;PARIS;Santé 
RGPD;sur audition;MINISTERE DE L'INTERIEUR;75;PARIS;Régalien
RGPD;en ligne;MARMITON;75;PARIS;Commerce
RGPD;sur pièces;MARMITON;75;PARIS;Commerce
RGPD;en ligne;MF-TEL;13;ALLAUCH;Banque
RGPD;sur pièces;MF-TEL;13;ALLAUCH;Banque
RGPD;en ligne;VERIZON;;SUNNYVALE (USA);Commerce
RGPD;en ligne;MICROSOFT France;92;ISSY LES MOULINEAUX;Commerce
RGPD;sur place;SNCF VOYAGEURS;44;NANTES;Transports
RGPD;sur place;"MINISTERE DE LA TRANSITION ECOLOGIQUE 
";92;PUTEAUX;Régalien
RGPD;sur place;"MINISTERE DE L'INTERIEUR
";41;BLOIS;Régalien
RGPD;sur place;"MINISTERE DE L'INTERIEUR
";14;OUISTREHAM;Régalien
RGPD;sur pièces;MALAKOFF HUMANIS PREVOYANCE / QUATREM;75;PARIS;Santé 
RGPD;sur place;"
COMMUNE DE DOUVRES LA DELIVRANDE";14;DOUVRES LE DELIVRANDE;Collectivités territoriales
RGPD;sur place;CONSEIL NATIONAL DES ACTIVITES PRIVEES DE SECURITE;75;PARIS;Régalien
RGPD;sur place;"CONSEIL NATIONAL DES ACTIVITES PRIVEES DE SECURITE
";93;AUBERVILLIERS;Régalien
RGPD;en ligne;M6 DIGITAL SERVICES;92;NEUILLY SUR SEINE;Commerce
RGPD;sur pièces;M6 DIGITAL SERVICES;92;NEUILLY SUR SEINE;Commerce
RGPD;en ligne;2CED;44;REZE;Commerce
RGPD;sur pièces;2CED;44;REZE;Commerce
RGPD;en ligne;MICROSOFT France;92;ISSY LES MOULINEAUX;Commerce
RGPD;en ligne;VERIZON;;SUNNYVALE (USA);Commerce
RGPD;en ligne;LEOCARE;75;PARIS;Assurance
RGPD;sur pièces;AUCHAN;59;CROIX;Commerce
RGPD;sur pièces;DECATHLON;59;VILLENEUVE D'ASCQ;Commerce
RGPD;sur pièces;SEPHORA;92;NEUILLY-SUR-SEINE;Commerce
RGPD;sur pièces;LEROY MERLIN;59;LEZENNES;Commerce
RGPD;sur pièces;HUFFINGTON POST;75;PARIS;Presse
RGPD;sur pièces;FREE MOBILE;75;PARIS;Télécommunications
RGPD;sur pièces;DEPARTEMENT DE SEINE SAINT DENIS;93;BOBIGNY;Social
RGPD;en ligne;SAS TRADITIONS DU PERIGORD;24;CARSAC-AILLAC;Commerce
RGPD;sur pièces;SAS TRADITIONS DU PERIGORD;24;CARSAC-AILLAC;Commerce
RGPD;en ligne;COVERD;92;BOULOGNE-BILLANCOURT;Assurance
RGPD;sur place;SOGESSUR;92;LA DEFENSE;Assurance
RGPD;sur pièces;LE PARADIS DU FRUIT;75;PARIS;Commerce
RGPD;sur place;"INSTITUT DE CANCEROLOGIE DE L'OUEST 
 ";44;SAINT-HERBLAIN;Santé 
RGPD;sur place;"CHU DE NANTES
";44;NANTES;Santé 
RGPD;en ligne;MINISTERE DES SOLIDARITES ET DE LA SANTE;75;PARIS;Santé 
RGPD;sur place;"INSTITUT NATIONAL DE RECHERCHE
 EN INFORMATIQUE ET EN AUTOMATIQUE";75;PARIS;Santé 
RGPD;sur place;"INSTITUT NATIONAL DE RECHERCHE
 EN INFORMATIQUE ET EN AUTOMATIQUE";75;PARIS;Santé 
RGPD;en ligne;LUKO COVER;75;PARIS;Assurance
RGPD;sur audition;LUKO COVER;75;PARIS;Assurance
RGPD;en ligne;DISCORD;;SAN FRANCISCO (USA);Télécommunications
RGPD;sur pièces;DISCORD;;SAN FRANCISCO (USA);Télécommunications
RGPD;en ligne;AMALFI SAS;93;MONTREUIL;Assurance
RGPD;sur audition;AMALFI SAS;93;MONTREUIL;Assurance
RGPD;en ligne;ALAN;75;PARIS;Assurance
RGPD;sur audition;ALAN;75;PARIS;Assurance
RGPD;en ligne;COMMUNE DE MAIZIÈRES-LÈS-METZ;57;MAIZIÈRES-LÈS-METZ;Collectivités territoriales
RGPD;en ligne;SHIFT TECHNOLOGY;75;PARIS;Assurance
RGPD;sur pièces;"MINISTÈRE DE L'INTERIEUR 
MINISTÈRE DES AFFAIRES ÉTRANGÈRES";75;PARIS;Régalien
RGPD;sur pièces;"MINISTÈRE DE L'INTERIEUR
MINISTÈRE DES AFFAIRES ÉTRANGÈRES ";75;PARIS;Régalien
RGPD;en ligne;LA FINANCIERE DES PAIEMENTS ELECTRONIQUES ;94;CHARENTON-LE-PONT;Banque
